Date,open,high,low,close,volume,dividends,stock splits
2016-09-19 00:00:00-04:00,34.64088657992044,35.14964289879581,34.53458006760967,34.93702697753906,33562400,0.0,0.0
2016-09-20 00:00:00-04:00,35.80267966022229,35.84064586615659,35.0205619141236,35.354671478271484,51510400,0.0,0.0
2016-09-21 00:00:00-04:00,35.31669570635122,35.33947774291822,34.42068240829229,34.800350189208984,64530200,0.0,0.0
2016-09-22 00:00:00-04:00,34.80035477885746,35.0205599193881,34.45105817290426,34.716827392578125,36964400,0.0,0.0
2016-09-23 00:00:00-04:00,34.54976428357627,34.86109171400244,34.496611031793876,34.73200607299805,28710500,0.0,0.0
2016-09-26 00:00:00-04:00,34.4510484244601,34.54976284364255,33.90432887225042,34.078975677490234,30938000,0.0,0.0
2016-09-27 00:00:00-04:00,34.01063758296798,34.24602973303337,33.9119231573665,34.23843765258789,24359000,0.0,0.0
2016-09-28 00:00:00-04:00,34.44345706907149,34.53457651358411,34.13972172518287,34.40549087524414,28220300,0.0,0.0
2016-09-29 00:00:00-04:00,34.3143817727947,34.36753504398683,33.57023307946887,33.69172668457031,45266700,0.0,0.0
2016-09-30 00:00:00-04:00,33.6613516691992,33.965084199467846,33.48670191591599,33.623382568359375,54117700,0.0,0.0
2016-10-03 00:00:00-04:00,33.50189386535496,33.532267991804574,33.07666768160482,33.28168869018555,38197700,0.0,0.0
2016-10-04 00:00:00-04:00,33.122209962519285,33.47909853418291,33.069056715246155,33.220924377441406,44008300,0.0,0.0
2016-10-05 00:00:00-04:00,33.28168445442722,34.23085406040606,33.28168445442722,34.162513732910156,40459000,0.0,0.0
2016-10-06 00:00:00-04:00,34.306785583496094,34.46624537798637,34.04101925934563,34.306785583496094,29878200,0.0,0.0
2016-10-07 00:00:00-04:00,34.32197037345632,34.51180427718491,34.11694940983318,34.420684814453125,24893600,0.0,0.0
2016-10-10 00:00:00-04:00,34.70163960385433,34.86869147627332,34.50421071376515,34.663673400878906,21804900,0.0,0.0
2016-10-11 00:00:00-04:00,34.777565123481644,34.792752180991734,34.28399878926123,34.51179885864258,25442600,0.0,0.0
2016-10-12 00:00:00-04:00,34.557358645200175,34.80034867934887,34.4130859375,34.4130859375,21780500,0.0,0.0
2016-10-13 00:00:00-04:00,34.352342272822824,34.352342272822824,33.62337792817993,33.98026657104492,44174600,0.0,0.0
2016-10-14 00:00:00-04:00,34.29919148586592,34.56496071347961,33.65375731255623,33.94989776611328,45418600,0.0,0.0
2016-10-17 00:00:00-04:00,33.82081372976457,33.987865618777036,33.65375894411621,33.79043960571289,18861300,0.0,0.0
2016-10-18 00:00:00-04:00,33.980265794861964,34.1700996819841,33.72209159251045,34.13213348388672,23877600,0.0,0.0
2016-10-19 00:00:00-04:00,34.06379073365698,34.57254412439189,34.06379073365698,34.367523193359375,26977000,0.0,0.0
2016-10-20 00:00:00-04:00,34.14732510996434,34.39031228625157,33.911930015658,34.11695098876953,27210600,0.0,0.0
2016-10-21 00:00:00-04:00,33.9726713874705,34.39789741165833,33.9119231573665,34.23843765258789,21490800,0.0,0.0
2016-10-24 00:00:00-04:00,34.51180340506908,34.68645024448979,34.39030982561836,34.56495666503906,19303800,0.0,0.0
2016-10-25 00:00:00-04:00,34.526993477083515,34.77757273928585,34.48143229457597,34.716827392578125,20402000,0.0,0.0
2016-10-26 00:00:00-04:00,34.51939160495506,35.05851912210546,34.50420454715201,35.0433349609375,25181900,0.0,0.0
2016-10-27 00:00:00-04:00,35.24835288378167,35.544496165014706,35.126859318391865,35.240760803222656,25661000,0.0,0.0
2016-10-28 00:00:00-04:00,35.36226591713374,35.41541918831075,34.83832528840207,35.10409164428711,20882000,0.0,0.0
2016-10-31 00:00:00-04:00,35.23317027179291,35.35466384252453,34.92943489664624,34.93702697753906,20115900,0.0,0.0
2016-11-01 00:00:00-04:00,35.02056367287578,35.14205727594853,34.62570873873034,34.921852111816406,20020200,0.0,0.0
2016-11-02 00:00:00-04:00,34.745745842751255,34.84527980972355,34.50838954760472,34.638553619384766,19566600,0.38,0.0
2016-11-03 00:00:00-04:00,34.70746688648926,35.059670776788074,34.64621251212286,34.71512222290039,14982700,0.0,0.0
2016-11-04 00:00:00-04:00,34.73043001422421,34.776367866555034,34.06430486850765,34.14852523803711,27391600,0.0,0.0
2016-11-07 00:00:00-05:00,34.62323560288243,34.983094746659596,34.61557734746688,34.76105499267578,25769400,0.0,0.0
2016-11-08 00:00:00-05:00,34.592612984601,35.08263624814562,34.35525668848511,34.86825180053711,19462600,0.0,0.0
2016-11-09 00:00:00-05:00,35.47311535219453,37.21882345718857,35.22044553659371,36.74411392211914,67615000,0.0,0.0
2016-11-10 00:00:00-05:00,37.463854508239244,39.76084128166522,37.35666225946919,39.53114318847656,100988800,0.0,0.0
2016-11-11 00:00:00-05:00,39.11766199793148,39.806758795383146,38.84202327895081,39.60768508911133,46594900,0.0,0.0
2016-11-14 00:00:00-05:00,39.745516821227504,41.39169139382761,39.745516821227504,40.74853515625,59154400,0.0,0.0
2016-11-15 00:00:00-05:00,40.10538215951381,40.266170501708984,39.46222586996394,40.266170501708984,39437900,0.0,0.0
2016-11-16 00:00:00-05:00,39.65363169560621,39.94458112341092,39.32439683503438,39.56940841674805,26996200,0.0,0.0
2016-11-17 00:00:00-05:00,39.34736442942552,40.50351552981723,39.01812957997106,40.18959426879883,29205900,0.0,0.0
2016-11-18 00:00:00-05:00,40.15895908512918,40.56475887508821,39.80675538362634,40.44225311279297,29673400,0.0,0.0
2016-11-21 00:00:00-05:00,40.46523632624435,40.564773206014046,39.82973837256583,39.90630340576172,23587200,0.0,0.0
2016-11-22 00:00:00-05:00,40.14365650402431,40.25850696549509,39.66894691009766,39.98286819458008,22816900,0.0,0.0
2016-11-23 00:00:00-05:00,40.15898197295089,40.29680139917647,39.776150882495244,39.93693923950195,19986800,0.0,0.0
2016-11-25 00:00:00-05:00,40.12069131969708,40.28913497924805,39.84505252308971,40.28913497924805,9635500,0.0,0.0
2016-11-28 00:00:00-05:00,39.90631041295469,40.181949254089695,39.34737739432839,39.492855072021484,26518500,0.0,0.0
2016-11-29 00:00:00-05:00,39.47753161098228,39.913958693436356,39.47753161098228,39.70722961425781,16267300,0.0,0.0
2016-11-30 00:00:00-05:00,40.18194291921953,40.70259333244285,40.0441235203799,40.51883316040039,26567200,0.0,0.0
2016-12-01 00:00:00-05:00,40.679624921310534,41.705612169680606,40.62602881227969,41.606075286865234,35623100,0.0,0.0
2016-12-02 00:00:00-05:00,41.52950284561833,41.55247176803024,40.81743704316544,41.024166107177734,21894700,0.0,0.0
2016-12-05 00:00:00-05:00,41.26918201416098,41.75154696005518,41.246210168569355,41.61372756958008,24793900,0.0,0.0
2016-12-06 00:00:00-05:00,41.6903120220861,42.54785296387539,41.51421004694534,42.53253936767578,30706700,0.0,0.0
2016-12-07 00:00:00-05:00,42.532521841844606,43.864774954547826,42.28751024514931,43.85711669921875,46617000,0.0,0.0
2016-12-08 00:00:00-05:00,43.86478042602539,44.42371338325313,43.42069502614174,43.86478042602539,39828600,0.0,0.0
2016-12-09 00:00:00-05:00,43.57382940532132,43.826499296875966,43.25225272963622,43.74993133544922,20331200,0.0,0.0
2016-12-12 00:00:00-05:00,43.25991110072825,43.71930721844597,42.53253148036746,42.70863342285156,27886200,0.0,0.0
2016-12-13 00:00:00-05:00,42.762225342868255,43.037864154757514,42.33345645394629,42.75457000732422,24355600,0.0,0.0
2016-12-14 00:00:00-05:00,41.91233723206215,42.586117658032634,41.368715017350794,41.881710052490234,54590600,0.0,0.0
2016-12-15 00:00:00-05:00,42.241571937782275,43.068488315407116,42.03484576414486,42.25688552856445,31345900,0.0,0.0
2016-12-16 00:00:00-05:00,42.48659656099378,42.60910239558014,42.05016642196231,42.37174606323242,33171800,0.0,0.0
2016-12-19 00:00:00-05:00,42.24922282987721,42.47126547636545,41.84342296756775,42.279850006103516,16801400,0.0,0.0
2016-12-20 00:00:00-05:00,42.471278765787375,43.122090400012056,42.22626712084849,42.953643798828125,19245300,0.0,0.0
2016-12-21 00:00:00-05:00,42.94597399310416,42.94597399310416,42.601425570756135,42.65502166748047,14058400,0.0,0.0
2016-12-22 00:00:00-05:00,42.69331283626202,42.90004193160323,42.49424199673092,42.6856575012207,14515500,0.0,0.0
2016-12-23 00:00:00-05:00,42.70862378789207,42.86175676617465,42.58611798941973,42.84644317626953,8313000,0.0,0.0
2016-12-27 00:00:00-05:00,42.80050837644894,42.95363844487194,42.754567603460735,42.83879089355469,8893900,0.0,0.0
2016-12-28 00:00:00-05:00,42.861759237244605,42.93832719118451,42.31813990773085,42.356422424316406,10609100,0.0,0.0
2016-12-29 00:00:00-05:00,42.25687973095646,42.463608796999615,41.71326047623282,41.98889923095703,15933500,0.0,0.0
2016-12-30 00:00:00-05:00,42.02719016080137,42.387052264972276,41.95062512282708,42.19563674926758,15095500,0.0,0.0
2017-01-03 00:00:00-05:00,42.624397730078535,43.145048069897584,42.46360942769076,42.87706756591797,22063800,0.0,0.0
2017-01-04 00:00:00-05:00,42.99957132761785,43.114421778629364,42.578457875189486,42.915348052978516,15036100,0.0,0.0
2017-01-05 00:00:00-05:00,42.48658570283971,42.73925264426418,41.713265446522996,42.249229431152344,18831600,0.0,0.0
2017-01-06 00:00:00-05:00,42.31047625895096,42.54783250475745,41.881707454614634,42.142032623291016,18715900,0.0,0.0
2017-01-09 00:00:00-05:00,41.86640074549484,41.96593762890154,41.48356972398942,41.529510498046875,21794100,0.0,0.0
2017-01-10 00:00:00-05:00,41.61373216465325,42.24923308210273,41.544822461806554,41.82046127319336,17978200,0.0,0.0
2017-01-11 00:00:00-05:00,41.80514946664106,41.958282470703125,41.131368921998586,41.958282470703125,21100600,0.0,0.0
2017-01-12 00:00:00-05:00,41.843430947220284,41.94296490778471,41.269184426924134,41.728580474853516,20566600,0.0,0.0
2017-01-13 00:00:00-05:00,42.19562954164679,43.030201164393205,41.84342575389616,42.34876251220703,37231600,0.0,0.0
2017-01-17 00:00:00-05:00,41.95827505347812,42.08078085091783,41.02416944328853,41.17729949951172,26974400,0.0,0.0
2017-01-18 00:00:00-05:00,41.17730689005213,41.567796197505004,40.840416616819695,41.55248260498047,21186700,0.0,0.0
2017-01-19 00:00:00-05:00,41.5295116647769,41.93531162432715,41.23855926244347,41.78983688354492,20906900,0.0,0.0
2017-01-20 00:00:00-05:00,41.91999313188241,42.19563191020954,41.82045625731568,42.16500473022461,24160800,0.0,0.0
2017-01-23 00:00:00-05:00,41.889362746635605,42.111405403383316,41.46059394272931,41.53715896606445,17227400,0.0,0.0
2017-01-24 00:00:00-05:00,41.62138486766618,42.165004161608934,41.44528296628058,41.881710052490234,18523300,0.0,0.0
2017-01-25 00:00:00-05:00,42.40236073026447,43.51257117128081,42.325792780778286,43.35177993774414,32252100,0.0,0.0
2017-01-26 00:00:00-05:00,43.3441285955182,43.895406199521254,43.328815004210455,43.780555725097656,23769800,0.0,0.0
2017-01-27 00:00:00-05:00,43.66571339892873,43.72696777559008,43.19100366288101,43.32882308959961,17186200,0.0,0.0
2017-01-30 00:00:00-05:00,42.9689520505404,43.12208503978453,42.6856579189385,42.93832778930664,15961400,0.0,0.0
2017-01-31 00:00:00-05:00,42.86176200843571,43.16802800245912,42.723942603202076,43.12974548339844,22409100,0.0,0.0
2017-02-01 00:00:00-05:00,43.58455921781851,43.99311533397683,42.990994838516706,43.098915100097656,21157700,0.38,0.0
2017-02-02 00:00:00-05:00,42.83680763292218,43.13744338824113,42.70576248444186,42.975563049316406,13044400,0.0,0.0
2017-02-03 00:00:00-05:00,43.84663826067636,44.16269161262484,43.499749718146155,44.147274017333984,19879800,0.0,0.0
2017-02-06 00:00:00-05:00,44.00081743427196,44.255200440677456,43.54600860162598,43.59225845336914,13940200,0.0,0.0
2017-02-07 00:00:00-05:00,43.83122282096658,44.085605804261974,43.376414029638916,43.43037414550781,14937400,0.0,0.0
2017-02-08 00:00:00-05:00,43.33015510025744,43.33015510025744,42.52845786296541,42.883056640625,18592200,0.0,0.0
2017-02-09 00:00:00-05:00,42.88305948773866,43.761841812089536,42.88305948773866,43.73100662231445,15907800,0.0,0.0
2017-02-10 00:00:00-05:00,43.95456036115956,43.96997795710776,43.67704951530341,43.83122253417969,12268100,0.0,0.0
2017-02-13 00:00:00-05:00,43.99310989040661,44.33228823349309,43.854354445369815,44.00082015991211,15325300,0.0,0.0
2017-02-14 00:00:00-05:00,44.03935604741597,44.71000530360036,43.931435815455934,44.69458770751953,16382900,0.0,0.0
2017-02-15 00:00:00-05:00,44.78709880094747,45.48858338176113,44.62521842243808,45.13398742675781,25350400,0.0,0.0
2017-02-16 00:00:00-05:00,44.9875136954264,44.9875136954264,44.33227913049432,44.80250549316406,14694500,0.0,0.0
2017-02-17 00:00:00-05:00,44.386234847453096,44.78708049498805,44.2860219652668,44.77937316894531,15783200,0.0,0.0
2017-02-21 00:00:00-05:00,44.90271759033203,45.19564601343251,44.632917029979986,44.90271759033203,16916800,0.0,0.0
2017-02-22 00:00:00-05:00,44.710003657821396,45.16481243334415,44.710003657821396,44.98751449584961,12344200,0.0,0.0
2017-02-23 00:00:00-05:00,45.04147380730178,45.164811628604966,44.756255646901714,45.08772659301758,13841400,0.0,0.0
2017-02-24 00:00:00-05:00,44.47876133613456,44.64064173536439,44.185832798999606,44.56355667114258,16379100,0.0,0.0
2017-02-27 00:00:00-05:00,44.563544370247016,44.90272267604883,44.48645638669713,44.75625991821289,10101000,0.0,0.0
2017-02-28 00:00:00-05:00,44.70229178688039,44.956674735480625,44.50186600618408,44.617496490478516,15558900,0.0,0.0
2017-03-01 00:00:00-05:00,45.56566444145696,46.2440239908365,45.550246844811305,46.04359817504883,25912700,0.0,0.0
2017-03-02 00:00:00-05:00,46.08213497892657,46.08984524659572,45.149392552134195,45.2573127746582,17578600,0.0,0.0
2017-03-03 00:00:00-05:00,45.3652295711639,45.665868234840545,45.22647416965324,45.39606475830078,14740000,0.0,0.0
2017-03-06 00:00:00-05:00,45.12627669430593,45.38836997619581,44.848765814586514,45.18023681640625,13225500,0.0,0.0
2017-03-07 00:00:00-05:00,45.041470367902406,45.11084807087556,44.725417041159204,44.94125747680664,13099900,0.0,0.0
2017-03-08 00:00:00-05:00,45.44233038256533,45.58108582329304,44.84105582587655,44.871891021728516,14711300,0.0,0.0
2017-03-09 00:00:00-05:00,45.056891555951395,45.3806522352475,44.86417602572116,45.24960708618164,15721500,0.0,0.0
2017-03-10 00:00:00-05:00,45.465447273504004,45.61962028490887,45.110851405696735,45.365234375,15120200,0.0,0.0
2017-03-13 00:00:00-04:00,45.34981998527094,45.50399005697063,45.11085166916742,45.24960708618164,14063500,0.0,0.0
2017-03-14 00:00:00-04:00,45.08774148168426,45.33441720574676,44.9027332183341,45.29587173461914,10885000,0.0,0.0
2017-03-15 00:00:00-04:00,45.40377845431694,45.71983179482533,44.98751221834818,45.2573127746582,17777300,0.0,0.0
2017-03-16 00:00:00-04:00,45.37296213150322,45.79693587082926,45.295874125785105,45.72755813598633,18468200,0.0,0.0
2017-03-17 00:00:00-04:00,45.766078781504056,45.79691396904477,45.11084721959321,45.22647476196289,20985700,0.0,0.0
2017-03-20 00:00:00-04:00,45.07232153521572,45.07232153521572,44.41708678803865,44.42479705810547,17663200,0.0,0.0
2017-03-21 00:00:00-04:00,44.656037242115964,44.67916216181978,42.88305517676221,43.052642822265625,31766400,0.0,0.0
2017-03-22 00:00:00-04:00,42.80597978985596,42.83681498559304,42.28179322475013,42.65180969238281,27740900,0.0,0.0
2017-03-23 00:00:00-04:00,42.57472369779582,43.16058068182498,42.38200812631895,42.59014129638672,19000000,0.0,0.0
2017-03-24 00:00:00-04:00,42.782841754637694,43.20681527399505,42.56700133182419,43.037227630615234,21127500,0.0,0.0
2017-03-27 00:00:00-04:00,42.112216359483995,42.84453627323796,41.811580475247716,42.69807052612305,16854800,0.0,0.0
2017-03-28 00:00:00-04:00,42.66722095175615,43.36099809755945,42.582428581140974,43.137447357177734,14878900,0.0,0.0
2017-03-29 00:00:00-04:00,43.1220239543398,43.23765444327316,42.821388211839654,42.91389083862305,10329100,0.0,0.0
2017-03-30 00:00:00-04:00,42.92161045255939,43.499757141908944,42.867650330135255,43.353294372558594,12106500,0.0,0.0
2017-03-31 00:00:00-04:00,43.18369598169975,43.3070338023228,42.87534995983932,42.906185150146484,11864600,0.0,0.0
2017-04-03 00:00:00-04:00,42.93703067624428,43.02953332882738,42.23554610122594,42.775150299072266,14550700,0.0,0.0
2017-04-04 00:00:00-04:00,42.62868646704235,42.65181433666657,42.38201075549787,42.55160140991211,11937400,0.0,0.0
2017-04-05 00:00:00-04:00,43.00640710130962,43.322460516974154,42.34346507318249,42.38200759887695,17411700,0.0,0.0
2017-04-06 00:00:00-04:00,42.35888692798431,42.89849116374718,42.17387866921176,42.682647705078125,10387500,0.0,0.0
2017-04-07 00:00:00-04:00,42.35116722580528,42.63638835041748,42.09678423482823,42.27408218383789,15848800,0.0,0.0
2017-04-10 00:00:00-04:00,42.389716205052224,42.590139095162776,41.873236971072636,42.04282760620117,14607700,0.0,0.0
2017-04-11 00:00:00-04:00,41.80386094202962,41.82698586935293,41.06383386162158,41.749900817871094,28086800,0.0,0.0
2017-04-12 00:00:00-04:00,41.588013404412656,41.64197351943557,40.894236296109895,40.94819641113281,25601300,0.0,0.0
2017-04-13 00:00:00-04:00,39.93066316030815,40.66298287122874,39.58377456665039,39.58377456665039,47982000,0.0,0.0
2017-04-17 00:00:00-04:00,39.80732187836089,40.67068668300677,39.51439343120029,40.639854431152344,31959100,0.0,0.0
2017-04-18 00:00:00-04:00,40.36234683002123,40.60131223931397,40.1542136750654,40.431724548339844,22257500,0.0,0.0
2017-04-19 00:00:00-04:00,40.76320683091446,40.96362977233416,40.123389591392495,40.200477600097656,17414600,0.0,0.0
2017-04-20 00:00:00-04:00,40.639855449153195,41.31050472863064,40.41630470912542,41.241127014160156,31552900,0.0,0.0
2017-04-21 00:00:00-04:00,41.15633342693173,41.503222013813804,40.817155108983705,40.85569763183594,26177300,0.0,0.0
2017-04-24 00:00:00-04:00,41.742185366601404,41.88864811216007,41.310501516725736,41.356754302978516,23856700,0.0,0.0
2017-04-25 00:00:00-04:00,41.88094484427223,42.46679882389933,41.85010965044818,42.05824279785156,27061300,0.0,0.0
2017-04-26 00:00:00-04:00,42.08907745897724,42.45138365562236,41.904072166660754,42.04282760620117,15915500,0.0,0.0
2017-04-27 00:00:00-04:00,42.04282819390531,42.1276235126549,41.557184148725156,41.96574020385742,13978000,0.0,0.0
2017-04-28 00:00:00-04:00,41.880939514555934,42.07365504052255,41.41842048787272,41.50321578979492,16501900,0.0,0.0
2017-05-01 00:00:00-04:00,41.70363694949322,42.20469847290227,41.60342699729576,41.98114776611328,13915800,0.0,0.0
2017-05-02 00:00:00-04:00,41.98115721502494,42.096787728177326,41.672814080962084,42.04282760620117,15634900,0.0,0.0
2017-05-03 00:00:00-04:00,41.92637419138401,42.60949315485761,41.87979985014452,42.57844161987305,15737100,0.38,0.0
2017-05-04 00:00:00-04:00,42.90448973828156,43.16065757597282,42.593980217380015,42.834625244140625,17054100,0.0,0.0
2017-05-05 00:00:00-04:00,42.88895849698022,42.997635927065915,42.601739151576915,42.78028106689453,13078800,0.0,0.0
2017-05-08 00:00:00-04:00,42.788037001227835,42.920004550344984,42.50081769254344,42.72593688964844,14242800,0.0,0.0
2017-05-09 00:00:00-04:00,42.80357128276395,42.98211321076702,42.26794549875475,42.44648742675781,14402900,0.0,0.0
2017-05-10 00:00:00-04:00,42.25241602564623,42.6250256202995,42.198077311503326,42.477535247802734,15897200,0.0,0.0
2017-05-11 00:00:00-04:00,42.135980884393945,42.24465832983824,41.18893245892346,41.716796875,32200100,0.0,0.0
2017-05-12 00:00:00-04:00,41.37521841648531,41.3907441823436,40.78525412005556,41.15786361694336,29642300,0.0,0.0
2017-05-15 00:00:00-04:00,41.18892561473873,41.46838058748611,41.15787407513197,41.39075469970703,15245000,0.0,0.0
2017-05-16 00:00:00-04:00,41.45286145906319,41.483910040188604,41.10353901056922,41.344181060791016,12650100,0.0,0.0
2017-05-17 00:00:00-04:00,41.344169167283496,41.344169167283496,40.094376039682075,40.55237579345703,33173100,0.0,0.0
2017-05-18 00:00:00-04:00,40.60672162083277,41.11129580204486,40.32726369339827,40.66106033325195,19790100,0.0,0.0
2017-05-19 00:00:00-04:00,40.80856028863477,41.40628922691398,40.668831292089585,41.188934326171875,16895000,0.0,0.0
2017-05-22 00:00:00-04:00,41.35193654347057,41.390749482467804,40.75420780695343,41.15010452270508,13947000,0.0,0.0
2017-05-23 00:00:00-04:00,41.150111346731634,41.57706263021588,41.025908144601104,41.44509506225586,11751700,0.0,0.0
2017-05-24 00:00:00-04:00,41.522713386711054,41.61586502438185,40.987084807320365,41.21220397949219,11304400,0.0,0.0
2017-05-25 00:00:00-04:00,41.336421108473864,41.336421108473864,40.80855671469664,40.97157287597656,16643800,0.0,0.0
2017-05-26 00:00:00-04:00,40.85513339988507,40.994862382038406,40.65330133177998,40.68435287475586,14247700,0.0,0.0
2017-05-30 00:00:00-04:00,40.49028778076172,40.75421999057881,40.28845866089609,40.49028778076172,19379700,0.0,0.0
2017-05-31 00:00:00-04:00,40.54463326587473,40.56015904095198,39.45785566161643,39.6984977722168,30519700,0.0,0.0
2017-06-01 00:00:00-04:00,40.001236976558054,40.529101404965466,39.63639168136349,40.42818832397461,21001800,0.0,0.0
2017-06-02 00:00:00-04:00,40.109913191531675,40.55239029809206,40.001235746889506,40.21859359741211,19477300,0.0,0.0
2017-06-05 00:00:00-04:00,40.14095160868613,40.50579973458627,40.10990007430372,40.14871597290039,13663800,0.0,0.0
2017-06-06 00:00:00-04:00,39.83821957992626,40.38937116989054,39.77611945209,40.21859359741211,14887500,0.0,0.0
2017-06-07 00:00:00-04:00,40.24187591545138,40.60672411660829,40.13319848393347,40.435943603515625,17022400,0.0,0.0
2017-06-08 00:00:00-04:00,40.43594448498153,41.165637941964086,40.27292833415107,40.8007926940918,22644200,0.0,0.0
2017-06-09 00:00:00-04:00,41.03366949576849,41.879804673505696,40.98709218792726,41.763362884521484,25750000,0.0,0.0
2017-06-12 00:00:00-04:00,41.90309698276288,42.37662263952222,41.87204544039616,41.988487243652344,22791400,0.0,0.0
2017-06-13 00:00:00-04:00,42.19031548161217,42.4542476638423,42.135976764203434,42.2679443359375,17966000,0.0,0.0
2017-06-14 00:00:00-04:00,41.98848572277649,42.41543405052113,41.58482457034437,42.33004379272461,16575000,0.0,0.0
2017-06-15 00:00:00-04:00,41.94967322283868,42.26794412085804,41.771131300655924,41.84099578857422,17232300,0.0,0.0
2017-06-16 00:00:00-04:00,41.86427678723474,42.10492175705561,41.646921950775614,41.83322525024414,23492700,0.0,0.0
2017-06-19 00:00:00-04:00,42.15926195933032,42.41542974548165,42.01176863401994,42.104923248291016,15367300,0.0,0.0
2017-06-20 00:00:00-04:00,41.96519967220409,41.99624825304029,41.47614824886803,41.49943542480469,13622200,0.0,0.0
2017-06-21 00:00:00-04:00,41.50720124058915,41.51496264575976,40.98709825701415,41.126827239990234,12653700,0.0,0.0
2017-06-22 00:00:00-04:00,40.98710203952997,41.05696653746549,40.536866467130935,40.7464599609375,15362200,0.0,0.0
2017-06-23 00:00:00-04:00,40.90948371132169,41.01039977396916,40.61449989194237,40.715415954589844,21868500,0.0,0.0
2017-06-26 00:00:00-04:00,40.93276020325,41.476150372418154,40.824082761664,41.064727783203125,12532800,0.0,0.0
2017-06-27 00:00:00-04:00,41.15787834746587,41.65469118779367,41.07248808530238,41.26655578613281,13496300,0.0,0.0
2017-06-28 00:00:00-04:00,41.61588109378857,42.244658592406765,41.54601659824896,42.17479705810547,20961700,0.0,0.0
2017-06-29 00:00:00-04:00,43.19946383739068,43.936918602636915,42.85790284844706,43.300376892089844,32552100,0.0,0.0
2017-06-30 00:00:00-04:00,43.49445929752325,43.50998507148517,42.81910441699213,43.0131721496582,16750700,0.0,0.0
2017-07-03 00:00:00-04:00,43.323667025759924,43.8204797792369,43.246038182255646,43.300376892089844,11825000,0.0,0.0
2017-07-05 00:00:00-04:00,43.44787021412917,43.486683155262504,42.95881886438382,43.300376892089844,14086900,0.0,0.0
2017-07-06 00:00:00-04:00,43.455636636256024,43.7195688121751,43.08302702811815,43.12960433959961,14481200,0.0,0.0
2017-07-07 00:00:00-04:00,43.300389100054566,43.33920501336913,42.8889664778184,43.26934051513672,11503500,0.0,0.0
2017-07-10 00:00:00-04:00,43.10631956382982,43.323677416535425,42.95882916765391,43.152896881103516,10979000,0.0,0.0
2017-07-11 00:00:00-04:00,43.20722385902937,43.24603679892118,42.555156400639476,42.72593688964844,14842700,0.0,0.0
2017-07-12 00:00:00-04:00,42.64055898531324,42.88120402026509,42.38438817766402,42.82686233520508,11951500,0.0,0.0
2017-07-13 00:00:00-04:00,42.896723780734995,43.21499469529865,42.74147198728005,43.1606559753418,14201800,0.0,0.0
2017-07-14 00:00:00-04:00,42.15926562587199,42.850146121660465,42.011772287734274,42.687129974365234,17949600,0.0,0.0
2017-07-17 00:00:00-04:00,42.61726567766058,42.679365798280486,42.26017887945389,42.46977233886719,14953600,0.0,0.0
2017-07-18 00:00:00-04:00,42.15926749209407,42.63279018454528,42.09716440776325,42.53963851928711,13603300,0.0,0.0
2017-07-19 00:00:00-04:00,42.53964179966341,42.857912728306644,42.45425153274284,42.648319244384766,12366200,0.0,0.0
2017-07-20 00:00:00-04:00,42.66383809387914,42.935534622834375,42.4464832397052,42.60173797607422,15123500,0.0,0.0
2017-07-21 00:00:00-04:00,42.25242259439191,42.399912989818176,41.99625179254608,42.05059051513672,17384500,0.0,0.0
2017-07-24 00:00:00-04:00,41.996248216712594,42.236893225722696,41.94967386487957,42.12821578979492,18489900,0.0,0.0
2017-07-25 00:00:00-04:00,42.69488159231252,43.01315240936936,42.62501712216652,42.741458892822266,20167800,0.0,0.0
2017-07-26 00:00:00-04:00,42.943301434655304,42.95106580113225,42.54740462023761,42.625030517578125,19686900,0.0,0.0
2017-07-27 00:00:00-04:00,42.58621413673166,42.66384002781603,42.221365933911706,42.46977233886719,17352600,0.0,0.0
2017-07-28 00:00:00-04:00,42.15150348994372,42.361096959513134,41.2820810304706,41.3752326965332,32590600,0.0,0.0
2017-07-31 00:00:00-04:00,41.468386238137484,42.08940526994395,41.45286342745671,41.872047424316406,20378100,0.0,0.0
2017-08-01 00:00:00-04:00,42.097159347285675,42.22136253977885,41.80217565465026,41.98072052001953,19350300,0.0,0.0
2017-08-02 00:00:00-04:00,41.86343984265959,42.19184043621599,41.79306786079059,41.92599105834961,19422100,0.39,0.0
2017-08-03 00:00:00-04:00,41.83216086163579,41.95726627013636,41.70705545313522,41.753971099853516,19374700,0.0,0.0
2017-08-04 00:00:00-04:00,41.9650767056837,41.98853601630954,40.588917453124765,41.31609344482422,44664600,0.0,0.0
2017-08-07 00:00:00-04:00,41.23009327640496,41.40211434466321,40.99552099052907,41.0815315246582,22673700,0.0,0.0
2017-08-08 00:00:00-04:00,40.90951038152355,41.675781438114775,40.831320613957516,41.214454650878906,24877800,0.0,0.0
2017-08-09 00:00:00-04:00,40.87822871673981,41.29264279025998,40.76876186127158,41.27700424194336,14631600,0.0,0.0
2017-08-10 00:00:00-04:00,40.964244080905594,41.222275684493304,40.596745608916486,40.62020492553711,18373000,0.0,0.0
2017-08-11 00:00:00-04:00,40.526381049631276,40.8235045870764,40.45600905755243,40.612388610839844,14714500,0.0,0.0
2017-08-14 00:00:00-04:00,40.94859506674557,41.51157079780262,40.925138738867425,41.31609344482422,16313200,0.0,0.0
2017-08-15 00:00:00-04:00,41.597595193465786,41.72270062181574,41.30828944967191,41.32392501831055,11028100,0.0,0.0
2017-08-16 00:00:00-04:00,41.44901754149198,41.60540002392685,41.018967951856936,41.19880676269531,11224400,0.0,0.0
2017-08-17 00:00:00-04:00,41.0267953825764,41.15190079230203,40.49509664555544,40.50291442871094,16814300,0.0,0.0
2017-08-18 00:00:00-04:00,40.36998944053299,40.768761984190746,40.17451206010802,40.40908432006836,17130600,0.0,0.0
2017-08-21 00:00:00-04:00,40.456003471371886,40.58892666986186,40.190154091643564,40.5185546875,13503100,0.0,0.0
2017-08-22 00:00:00-04:00,40.62020196390893,40.870412782797345,40.59674264899873,40.83131790161133,12984100,0.0,0.0
2017-08-23 00:00:00-04:00,40.5263635866071,41.03460288128577,40.5029042775237,40.682743072509766,10019500,0.0,0.0
2017-08-24 00:00:00-04:00,40.80786872202094,41.073718155961586,40.69058404933326,40.7844123840332,12345000,0.0,0.0
2017-08-25 00:00:00-04:00,40.8704203342105,41.10499264741556,40.47164471728799,40.47946548461914,15307800,0.0,0.0
2017-08-28 00:00:00-04:00,40.62021363737624,40.67494708331566,40.205799426014686,40.37000274658203,12425900,0.0,0.0
2017-08-29 00:00:00-04:00,40.041583569812815,40.268338033823944,39.97903236273095,40.20578384399414,10715500,0.0,0.0
2017-08-30 00:00:00-04:00,40.23706809486097,40.45600481545411,40.033772907255,40.158878326416016,11427500,0.0,0.0
2017-08-31 00:00:00-04:00,39.87738022694573,40.065039799246236,39.77573116766847,39.93211364746094,25231100,0.0,0.0
2017-09-01 00:00:00-04:00,39.92429958563078,40.260520904550106,39.822650516882426,39.85392761230469,16217700,0.0,0.0
2017-09-05 00:00:00-04:00,39.58807814926309,39.619352261844575,38.907814748213056,39.17366409301758,31251300,0.0,0.0
2017-09-06 00:00:00-04:00,39.29096132433927,39.30659987583105,38.75144472024236,39.00165557861328,26854000,0.0,0.0
2017-09-07 00:00:00-04:00,39.048563428302764,39.048563428302764,38.52468544039038,38.84526824951172,23367300,0.0,0.0
2017-09-08 00:00:00-04:00,38.79053091556823,39.07983659646775,38.64978696642835,38.76707458496094,18975700,0.0,0.0
2017-09-11 00:00:00-04:00,39.0954664514091,39.72099331808217,39.04855081787836,39.61152648925781,17987100,0.0,0.0
2017-09-12 00:00:00-04:00,39.7601060459784,40.44818739973975,39.752288261585655,40.323081970214844,17129500,0.0,0.0
2017-09-13 00:00:00-04:00,40.182330932189394,40.27615924216743,40.01813064404079,40.237064361572266,12617300,0.0,0.0
2017-09-14 00:00:00-04:00,40.29961862138925,40.44036257795624,39.93994094693947,40.10414123535156,13739400,0.0,0.0
2017-09-15 00:00:00-04:00,40.09632898035669,40.4090940575033,40.07287264353278,40.393455505371094,28494300,0.0,0.0
2017-09-18 00:00:00-04:00,40.401267944099,41.316103734913504,40.35435527665875,41.214454650878906,20943400,0.0,0.0
2017-09-19 00:00:00-04:00,41.222272758233565,41.90253323697275,41.07370803359348,41.722694396972656,17047000,0.0,0.0
2017-09-20 00:00:00-04:00,41.74614957201425,42.30912539136466,41.6601390459748,42.02763748168945,21560400,0.0,0.0
2017-09-21 00:00:00-04:00,41.871247880588214,42.4107672769272,41.84779155300745,42.270023345947266,16210900,0.0,0.0
2017-09-22 00:00:00-04:00,42.16055518640463,42.50459724580784,42.02763201454268,42.41858673095703,18047800,0.0,0.0
2017-09-25 00:00:00-04:00,42.27785150146954,42.481149666212616,41.87125815473177,42.24657440185547,11595900,0.0,0.0
2017-09-26 00:00:00-04:00,42.3013065886634,42.4420505500322,42.03545721527215,42.066734313964844,12052500,0.0,0.0
2017-09-27 00:00:00-04:00,42.59061198581563,42.637524647480696,42.2700292058627,42.38731384277344,15840800,0.0,0.0
2017-09-28 00:00:00-04:00,42.44986382412965,42.48114091730226,42.01981423262342,42.41858673095703,14531700,0.0,0.0
2017-09-29 00:00:00-04:00,42.418583381947954,43.18485420769215,42.29347800188253,43.1223030090332,20872300,0.0,0.0
2017-10-02 00:00:00-04:00,43.13013501738647,43.372528076171875,42.89556272523043,43.372528076171875,11764400,0.0,0.0
2017-10-03 00:00:00-04:00,43.26304546051664,43.48979690352108,42.88772635035961,43.45852279663086,17405100,0.0,0.0
2017-10-04 00:00:00-04:00,43.24742505782444,43.27869917783403,42.92684221142376,42.9737548828125,14697800,0.0,0.0
2017-10-05 00:00:00-04:00,43.00502659888778,43.607097329202006,42.83300553801277,43.30997085571289,14560700,0.0,0.0
2017-10-06 00:00:00-04:00,43.38033007253671,43.53671253797757,43.1770349553868,43.45852279663086,11151200,0.0,0.0
2017-10-09 00:00:00-04:00,43.48980672116892,43.55236091456559,42.94246945994046,43.1144905090332,11377000,0.0,0.0
2017-10-10 00:00:00-04:00,43.294331208671316,43.568001342465905,43.12231313490572,43.481990814208984,12800500,0.0,0.0
2017-10-11 00:00:00-04:00,43.34906658225867,43.56018252942248,43.2083226174828,43.521087646484375,12843100,0.0,0.0
2017-10-12 00:00:00-04:00,43.544532300494105,43.56017084602456,43.05193153864879,43.16921615600586,15067500,0.0,0.0
2017-10-13 00:00:00-04:00,41.82434860518567,41.99636670038662,41.31610613819756,41.98072814941406,35310000,0.0,0.0
2017-10-16 00:00:00-04:00,41.94944966798971,42.19966049203462,41.769607841880905,42.066734313964844,22802400,0.0,0.0
2017-10-17 00:00:00-04:00,42.20748832402297,42.22312687709252,41.535045455777585,41.589778900146484,18614700,0.0,0.0
2017-10-18 00:00:00-04:00,41.76178741455078,42.27784757931403,41.69141543832178,41.76178741455078,21604000,0.0,0.0
2017-10-19 00:00:00-04:00,41.5272158568216,42.168381436527056,41.441205330782154,42.02763748168945,12669700,0.0,0.0
2017-10-20 00:00:00-04:00,42.38732678855298,43.059769650109274,42.25440356290761,42.942481994628906,28407700,0.0,0.0
2017-10-23 00:00:00-04:00,42.80954882433892,43.03630331479318,42.77045394251019,42.934654235839844,18102100,0.0,0.0
2017-10-24 00:00:00-04:00,43.00503440936893,43.44290492441755,43.00503440936893,43.33343505859375,18779400,0.0,0.0
2017-10-25 00:00:00-04:00,43.38816008335443,43.45853205866336,42.903374038893745,43.20050048828125,17096900,0.0,0.0
2017-10-26 00:00:00-04:00,43.35687633473838,43.919849068084,43.35687633473838,43.48979949951172,15979200,0.0,0.0
2017-10-27 00:00:00-04:00,43.184865820753295,43.8182136554468,43.10667605571633,43.68528747558594,17258600,0.0,0.0
2017-10-30 00:00:00-04:00,43.35688897351857,43.75566156683068,43.2474221040897,43.66965103149414,12249200,0.0,0.0
2017-10-31 00:00:00-04:00,43.74783111146435,44.19351922661579,43.708736238384816,43.896392822265625,14619200,0.0,0.0
2017-11-01 00:00:00-04:00,44.03714425310244,44.44373756443591,43.93549517958204,43.951133728027344,11678300,0.0,0.0
2017-11-02 00:00:00-04:00,43.93539248904735,44.50230174812804,43.58107420212192,44.47080612182617,15630000,0.39,0.0
2017-11-03 00:00:00-04:00,44.289706480869576,44.439306185913296,44.01412728642379,44.36844253540039,10049200,0.0,0.0
2017-11-06 00:00:00-05:00,44.17160499795695,44.431439417322835,44.09286893343971,44.234596252441406,10414900,0.0,0.0
2017-11-07 00:00:00-05:00,44.226716528523376,44.321203401030736,43.045657654473736,43.3448600769043,18679100,0.0,0.0
2017-11-08 00:00:00-05:00,43.14802131417746,43.297624042383305,42.55749181716703,42.72283935546875,24047100,0.0,0.0
2017-11-09 00:00:00-05:00,42.43937994690269,42.66771569453192,41.896090986863044,42.51811599731445,24438800,0.0,0.0
2017-11-10 00:00:00-05:00,42.53386251764921,42.62047397262706,42.352767204326305,42.36851501464844,13671700,0.0,0.0
2017-11-13 00:00:00-05:00,42.140181892297065,42.44725672557626,42.053570425764356,42.29765701293945,13447000,0.0,0.0
2017-11-14 00:00:00-05:00,42.140168526175245,42.596842927242136,41.98269345548119,42.54960250854492,20830100,0.0,0.0
2017-11-15 00:00:00-05:00,42.226786134228774,42.61259696002654,42.11655446971512,42.32126998901367,18238600,0.0,0.0
2017-11-16 00:00:00-05:00,42.478741662553155,43.19525042779002,42.40787802627314,42.99053192138672,26361800,0.0,0.0
2017-11-17 00:00:00-05:00,42.68345563005682,42.88029872335565,42.4944879424988,42.63621520996094,15814800,0.0,0.0
2017-11-20 00:00:00-05:00,42.61260332828661,42.683466980862434,42.40001237055914,42.55748748779297,16943100,0.0,0.0
2017-11-21 00:00:00-05:00,42.58109708126117,42.97478324656757,42.51023345136254,42.92753982543945,13757000,0.0,0.0
2017-11-22 00:00:00-05:00,42.880308239972635,43.00628772749958,42.54173780407123,42.56536102294922,11421700,0.0,0.0
2017-11-24 00:00:00-05:00,42.667717682498186,42.762204551699966,42.5181179783106,42.58898162841797,5386500,0.0,0.0
2017-11-27 00:00:00-05:00,42.533867977639176,42.88031083843506,42.40788848247812,42.47875213623047,11066800,0.0,0.0
2017-11-28 00:00:00-05:00,42.41575762406062,44.006250505364214,42.297653545950475,43.75429153442383,25685200,0.0,0.0
2017-11-29 00:00:00-05:00,43.96687623980223,45.077071236577055,43.85664458110774,44.62826919555664,29631800,0.0,0.0
2017-11-30 00:00:00-05:00,44.90385547680694,45.140069644211486,44.39206512246888,44.462928771972656,30984400,0.0,0.0
2017-12-01 00:00:00-05:00,44.541670360880026,45.0219681556969,43.651938429556786,44.250343322753906,31242400,0.0,0.0
2017-12-04 00:00:00-05:00,45.09282920874161,45.65973844247203,45.037713366972056,45.187313079833984,28720400,0.0,0.0
2017-12-05 00:00:00-05:00,46.18728133630334,46.77781084691253,45.2266857045641,46.100669860839844,39754900,0.0,0.0
2017-12-06 00:00:00-05:00,46.203020761495694,46.53371578567174,45.76209105900643,46.11640930175781,26758300,0.0,0.0
2017-12-07 00:00:00-05:00,46.02191744365965,47.24234406461131,45.89593797963085,46.738426208496094,32990600,0.0,0.0
2017-12-08 00:00:00-05:00,46.699066162109375,47.179360885753795,46.573086676572046,46.699066162109375,22017100,0.0,0.0
2017-12-11 00:00:00-05:00,46.4234904587771,46.69119727839616,46.155783639158045,46.35262680053711,15876600,0.0,0.0
2017-12-12 00:00:00-05:00,46.22664016988494,47.68328114164893,46.22664016988494,47.5021858215332,25040400,0.0,0.0
2017-12-13 00:00:00-05:00,47.486444583892755,47.636044302891065,46.754187794817454,46.769935607910156,18227000,0.0,0.0
2017-12-14 00:00:00-05:00,46.88803956671677,47.234485446589574,46.62033275208243,46.62820816040039,14731000,0.0,0.0
2017-12-15 00:00:00-05:00,46.80930053271316,47.75414823046011,46.73056147247456,47.13999557495117,36467500,0.0,0.0
2017-12-18 00:00:00-05:00,47.588793579534716,48.1320825355167,47.53367774394057,47.966732025146484,19970900,0.0,0.0
2017-12-19 00:00:00-05:00,48.187195605056765,48.24231143748714,47.46281137319134,47.52580261230469,17062700,0.0,0.0
2017-12-20 00:00:00-05:00,47.935234126173086,48.0848338057913,47.28958897727088,47.352577209472656,16544500,0.0,0.0
2017-12-21 00:00:00-05:00,47.77776828638686,48.911583717725094,47.77776828638686,48.51002502441406,22130700,0.0,0.0
2017-12-22 00:00:00-05:00,48.817082877723365,49.00605355237669,48.17931022980373,48.462764739990234,11653200,0.0,0.0
2017-12-26 00:00:00-05:00,48.4234108896906,48.59663380849289,47.87224951461883,48.132083892822266,11662800,0.0,0.0
2017-12-27 00:00:00-05:00,48.10846052300703,48.21869520054491,47.762017690080086,47.9903564453125,10010800,0.0,0.0
2017-12-28 00:00:00-05:00,48.05333925565002,48.273805582223616,47.9588554034542,48.26593017578125,10550900,0.0,0.0
2017-12-29 00:00:00-05:00,48.391922578256604,48.48640945928949,47.7698974609375,47.7698974609375,10711400,0.0,0.0
2018-01-02 00:00:00-05:00,48.061233159687966,48.313192198241374,47.793526305776375,48.10060119628906,13819300,0.0,0.0
2018-01-03 00:00:00-05:00,48.20295054994972,48.63600487039906,48.108463677293535,48.47065734863281,14203700,0.0,0.0
2018-01-04 00:00:00-05:00,48.80134881343323,49.64383717617999,48.74623297688627,49.07693099975586,18740500,0.0,0.0
2018-01-05 00:00:00-05:00,49.415507140179564,49.45487817630531,48.88796889628409,49.40763473510742,14217900,0.0,0.0
2018-01-08 00:00:00-05:00,49.336768667762875,49.39188451134357,48.76985941540347,48.84859848022461,15569400,0.0,0.0
2018-01-09 00:00:00-05:00,49.05331187820153,49.423377957569485,48.872216542481986,49.02181625366211,15766500,0.0,0.0
2018-01-10 00:00:00-05:00,49.195026246055996,49.91941040199897,49.1005424008764,49.698944091796875,18107500,0.0,0.0
2018-01-11 00:00:00-05:00,50.11626378725753,50.13200859503052,49.36038385987417,49.612342834472656,22075000,0.0,0.0
2018-01-12 00:00:00-05:00,49.761957511775265,49.919432659679885,48.856477664015195,49.25016403198242,25886100,0.0,0.0
2018-01-16 00:00:00-05:00,49.43911601016763,49.72257056789007,48.95881834331434,49.210777282714844,17907800,0.0,0.0
2018-01-17 00:00:00-05:00,49.486367448680866,50.423342778990616,49.202915831455584,50.29736328125,23892900,0.0,0.0
2018-01-18 00:00:00-05:00,50.28947915820091,50.63592196605373,50.28160675502619,50.35247039794922,16305900,0.0,0.0
2018-01-19 00:00:00-05:00,50.50994383069397,50.5965552807024,50.25798488717173,50.565059661865234,16524000,0.0,0.0
2018-01-22 00:00:00-05:00,50.39183686651012,50.982366204789535,50.368216654126954,50.96662139892578,12245200,0.0,0.0
2018-01-23 00:00:00-05:00,50.63594066109508,51.061122675612594,50.56507999559756,50.77766799926758,12937100,0.0,0.0
2018-01-24 00:00:00-05:00,51.13984312461881,51.67525668220672,51.02174205154295,51.55715560913086,20180300,0.0,0.0
2018-01-25 00:00:00-05:00,51.73037072739072,51.848477803552434,51.49416258224274,51.69100570678711,17568700,0.0,0.0
2018-01-26 00:00:00-05:00,51.879980510164046,51.99808760245695,51.37606252307883,51.911476135253906,16251900,0.0,0.0
2018-01-29 00:00:00-05:00,51.793352559982296,52.210658947058775,51.69887172195703,51.82484817504883,16105200,0.0,0.0
2018-01-30 00:00:00-05:00,51.51778817981287,51.91147447004308,51.399681091308594,51.399681091308594,16158900,0.0,0.0
2018-01-31 00:00:00-05:00,51.39180379522593,52.04532445471829,51.30519834115937,51.793365478515625,18147900,0.0,0.0
2018-02-01 00:00:00-05:00,51.77752716841511,52.347811491020785,51.53198179027525,51.8884162902832,15717600,0.39,0.0
2018-02-02 00:00:00-05:00,51.74585301554979,51.90426434873881,50.55774988761709,50.74784469604492,18905300,0.0,0.0
2018-02-05 00:00:00-05:00,46.49442921138167,47.43698979386967,45.54394625054808,46.06671142578125,103394400,0.0,0.0
2018-02-06 00:00:00-05:00,45.07661402556678,46.336002944402914,44.252862136950434,45.36967849731445,83076900,0.0,0.0
2018-02-07 00:00:00-05:00,45.10039474178865,46.035036133471,44.94990276301024,45.57563781738281,45551000,0.0,0.0
2018-02-08 00:00:00-05:00,45.40928466183841,45.49640965130685,43.840986507386056,43.880592346191406,43569700,0.0,0.0
2018-02-09 00:00:00-05:00,44.46673970115614,44.783568413744305,43.342003512322975,44.45882034301758,48904600,0.0,0.0
2018-02-12 00:00:00-05:00,44.64099151343293,45.2429623838086,44.2607989076953,44.75188064575195,24401300,0.0,0.0
2018-02-13 00:00:00-05:00,44.403363844667055,46.011262028634896,44.316235821033025,45.93997573852539,24234200,0.0,0.0
2018-02-14 00:00:00-05:00,45.82116918281403,47.207289289728045,45.78156635548832,47.167686462402344,23681800,0.0,0.0
2018-02-15 00:00:00-05:00,47.381540823508324,47.603319052519836,46.8508563408017,47.539955139160156,22397300,0.0,0.0
2018-02-16 00:00:00-05:00,47.26273107042784,47.86470488775411,47.26273107042784,47.48451232910156,18661900,0.0,0.0
2018-02-20 00:00:00-05:00,47.41322603551034,48.53004262077153,47.34985909831732,47.48451232910156,18517600,0.0,0.0
2018-02-21 00:00:00-05:00,47.413230544685625,47.91223464728131,47.31026077270508,47.31026077270508,19987800,0.0,0.0
2018-02-22 00:00:00-05:00,47.42906755418334,47.65876514670912,46.4785846511222,46.5815544128418,17948600,0.0,0.0
2018-02-23 00:00:00-05:00,46.78750879763619,46.922162079274685,46.2172182335259,46.86671447753906,21099200,0.0,0.0
2018-02-26 00:00:00-05:00,47.32610250918911,47.524119674499524,46.692448184496214,47.50035858154297,16478300,0.0,0.0
2018-02-27 00:00:00-05:00,47.547887881304774,47.90431943649124,46.89839172363281,46.89839172363281,17024400,0.0,0.0
2018-02-28 00:00:00-05:00,47.104330149328035,47.381553006875606,46.1934498662388,46.26473617553711,17869100,0.0,0.0
2018-03-01 00:00:00-05:00,46.137995072777116,46.68452130864531,45.19543454443873,45.39345169067383,28491000,0.0,0.0
2018-03-02 00:00:00-05:00,45.08454132322652,45.63898992368786,44.688507040254386,45.47265625,22428500,0.0,0.0
2018-03-05 00:00:00-05:00,44.99742178539121,45.916221312643685,44.823165712834005,45.615234375,20560900,0.0,0.0
2018-03-06 00:00:00-05:00,45.71028115002088,45.83701201339281,44.86276793468952,45.2033576965332,23975900,0.0,0.0
2018-03-07 00:00:00-05:00,44.67267769058731,44.94198118031044,44.36376834706473,44.83108901977539,24788700,0.0,0.0
2018-03-08 00:00:00-05:00,44.949893293396485,45.16375217913473,44.538017256586016,44.92613220214844,16828400,0.0,0.0
2018-03-09 00:00:00-05:00,45.274652308986774,46.15384915696761,45.147921422345554,46.12216567993164,19051500,0.0,0.0
2018-03-12 00:00:00-04:00,46.15383914724217,46.38353977368207,45.90829678571998,45.9558219909668,12414800,0.0,0.0
2018-03-13 00:00:00-04:00,46.24888803468566,46.27264912732792,45.480580476563645,45.59147262573242,13810600,0.0,0.0
2018-03-14 00:00:00-04:00,45.82908320268681,45.86076666736964,44.71226675537996,44.85483932495117,12212900,0.0,0.0
2018-03-15 00:00:00-04:00,44.96574230540025,45.24296515316684,44.545946844067274,45.013267517089844,13277700,0.0,0.0
2018-03-16 00:00:00-04:00,45.13998518831006,45.28255473866714,44.252866291967194,44.27663040161133,37095000,0.0,0.0
2018-03-19 00:00:00-04:00,44.26079456296382,44.34792259309102,43.54001225214139,43.943965911865234,17982200,0.0,0.0
2018-03-20 00:00:00-04:00,44.17366067012121,44.268708044235346,43.2944641504362,43.484561920166016,26874600,0.0,0.0
2018-03-21 00:00:00-04:00,43.579617290116325,44.02317681986763,43.19942470240182,43.39744186401367,18997300,0.0,0.0
2018-03-22 00:00:00-04:00,42.93804414695086,42.993488715063684,41.330145628674146,41.60736846923828,32656300,0.0,0.0
2018-03-23 00:00:00-04:00,41.7578742484433,41.78163534905939,40.34798952232685,40.37967300415039,30975800,0.0,0.0
2018-03-26 00:00:00-04:00,41.147967197065995,41.62320718106687,40.80737743398126,41.41727066040039,26718000,0.0,0.0
2018-03-27 00:00:00-04:00,41.504392440380634,41.821218041462686,40.14995294926181,40.474700927734375,23669300,0.0,0.0
2018-03-28 00:00:00-04:00,40.52222647971778,41.13211961951544,40.355892811091614,40.77568817138672,23342500,0.0,0.0
2018-03-29 00:00:00-04:00,41.235083472027426,41.7816095999066,40.96578008549973,41.512306213378906,17706800,0.0,0.0
2018-04-02 00:00:00-04:00,41.48063609700941,41.504400212129134,39.93610156032575,40.672725677490234,23359800,0.0,0.0
2018-04-03 00:00:00-04:00,40.965800783177734,41.33807107800787,40.443035477147745,41.250946044921875,16646400,0.0,0.0
2018-04-04 00:00:00-04:00,40.498470676566846,42.011321668093686,40.403420263657885,41.90835189819336,15952700,0.0,0.0
2018-04-05 00:00:00-04:00,42.24894815896611,42.74002994855892,42.0192474913411,42.18558120727539,16488800,0.0,0.0
2018-04-06 00:00:00-04:00,41.7024098908605,41.916265738001876,41.15588066382763,41.3697395324707,22943800,0.0,0.0
2018-04-09 00:00:00-04:00,41.5835914429295,42.24100967225258,41.314288063200955,41.38557434082031,17032000,0.0,0.0
2018-04-10 00:00:00-04:00,41.97172515001318,42.027169721794365,41.2826231495855,41.67865753173828,14594700,0.0,0.0
2018-04-11 00:00:00-04:00,41.441028305849116,41.55983980271698,40.96578836138141,41.13212203979492,14673200,0.0,0.0
2018-04-12 00:00:00-04:00,41.31430562053427,42.19350241097136,41.211335837658105,41.74202346801758,19967800,0.0,0.0
2018-04-13 00:00:00-04:00,41.19547682999187,41.42517739491838,40.244997151608466,40.3083610534668,32054900,0.0,0.0
2018-04-16 00:00:00-04:00,40.070753556622044,40.664805050530354,39.84897529911029,40.23708724975586,31879100,0.0,0.0
2018-04-17 00:00:00-04:00,40.355899509013874,40.52223320524667,39.99154864445569,40.05491256713867,25507100,0.0,0.0
2018-04-18 00:00:00-04:00,40.221252231211785,40.37174723523023,39.80937609740248,39.91234588623047,21055700,0.0,0.0
2018-04-19 00:00:00-04:00,40.00739026659966,40.878667683454125,39.99155155090446,40.82322311401367,23678400,0.0,0.0
2018-04-20 00:00:00-04:00,41.13213741927545,41.837078243133725,41.04500935852838,41.631141662597656,31149300,0.0,0.0
2018-04-23 00:00:00-04:00,41.62320919621575,41.8529098422545,41.330144625943504,41.67073440551758,17723900,0.0,0.0
2018-04-24 00:00:00-04:00,41.94004973260486,42.573704261498634,41.33015630432487,41.59153747558594,23052100,0.0,0.0
2018-04-25 00:00:00-04:00,41.53608481886702,42.36775943671624,41.13213107944237,42.0667724609375,20978500,0.0,0.0
2018-04-26 00:00:00-04:00,41.97172729597667,42.066774706532286,41.39351440954804,41.53608703613281,17025800,0.0,0.0
2018-04-27 00:00:00-04:00,41.40935033933979,41.932115556316454,41.35390577250153,41.47271728515625,12304300,0.0,0.0
2018-04-30 00:00:00-04:00,41.631119045141865,42.01923089570244,41.15587615966797,41.15587615966797,17050500,0.0,0.0
2018-05-01 00:00:00-04:00,40.997484137710984,41.662822121639586,40.87075323703425,41.631141662597656,13903800,0.0,0.0
2018-05-02 00:00:00-04:00,41.488557265570066,41.87666921701071,41.23509553603679,41.33806228637695,16397200,0.0,0.0
2018-05-03 00:00:00-04:00,41.19442189599461,41.330088954929835,40.54801775314551,41.13058090209961,19216100,0.39,0.0
2018-05-04 00:00:00-04:00,40.83530226210352,42.21590051347713,40.755500267524546,41.82486343383789,16660500,0.0,0.0
2018-05-07 00:00:00-04:00,42.27175164711076,42.28771265077191,41.80091269398261,42.02436065673828,16259100,0.0,0.0
2018-05-08 00:00:00-04:00,42.07224229712203,42.862292164984865,42.00041930511176,42.44731521606445,20786200,0.0,0.0
2018-05-09 00:00:00-04:00,42.65481082091421,43.077766804890516,42.57500579471553,42.902198791503906,16286700,0.0,0.0
2018-05-10 00:00:00-04:00,43.19747642262286,43.67629444272305,42.79846039112247,43.61245346069336,20699000,0.0,0.0
2018-05-11 00:00:00-04:00,43.644368686315424,43.835897704478974,43.309196709842304,43.452842712402344,14424000,0.0,0.0
2018-05-14 00:00:00-04:00,43.71619274776394,43.74811475894042,43.35708077690541,43.476783752441406,12809100,0.0,0.0
2018-05-15 00:00:00-04:00,43.4368906946317,44.11521681265472,43.396989695498185,43.6922607421875,14991100,0.0,0.0
2018-05-16 00:00:00-04:00,43.65234457532836,44.14712349001726,43.54062059887442,43.923675537109375,16450200,0.0,0.0
2018-05-17 00:00:00-04:00,43.41294839279821,43.628414385498495,43.117674317577496,43.26930236816406,21622400,0.0,0.0
2018-05-18 00:00:00-04:00,43.21344324101586,43.42890924806369,42.846346129033655,42.85432815551758,21492700,0.0,0.0
2018-05-21 00:00:00-04:00,43.15757562716527,43.596492654987806,43.14959360171808,43.5246696472168,11491400,0.0,0.0
2018-05-22 00:00:00-04:00,43.59650032426256,44.41049354077735,43.444872256599695,44.09925842285156,17398200,0.0,0.0
2018-05-23 00:00:00-04:00,43.91569710117645,44.83343505859375,43.59648614869455,44.83343505859375,23566100,0.0,0.0
2018-05-24 00:00:00-04:00,44.586057196879345,44.61000023245212,43.44487093203165,43.62841796875,24673400,0.0,0.0
2018-05-25 00:00:00-04:00,43.572553863677705,43.883788957144134,43.51669185711346,43.81196594238281,17741900,0.0,0.0
2018-05-29 00:00:00-04:00,43.125657303408374,43.30122230300706,42.00841109677564,42.255802154541016,31604000,0.0,0.0
2018-05-30 00:00:00-04:00,42.82240463723894,43.44486873411899,42.59895661153862,43.27728271484375,16416200,0.0,0.0
2018-05-31 00:00:00-04:00,43.26133470730839,43.39700179528985,42.93414155238504,43.08576965332031,17515900,0.0,0.0
2018-06-01 00:00:00-04:00,43.540636670965185,43.90773074174732,43.31718559132509,43.644378662109375,14100200,0.0,0.0
2018-06-04 00:00:00-04:00,43.724189123365946,44.02743919632037,43.57256104263719,43.75611114501953,10593700,0.0,0.0
2018-06-05 00:00:00-04:00,43.580528453780644,43.83589845285815,43.32515845470314,43.49274444580078,11883900,0.0,0.0
2018-06-06 00:00:00-04:00,43.66831760692616,44.39452669816447,43.620434584863425,44.3546257019043,15848200,0.0,0.0
2018-06-07 00:00:00-04:00,44.50624762008927,44.681815644564196,44.09127059039896,44.39452362060547,17299600,0.0,0.0
2018-06-08 00:00:00-04:00,44.338654746221266,44.50624071946301,43.875794769553366,44.434417724609375,12965900,0.0,0.0
2018-06-11 00:00:00-04:00,44.52221051313708,44.77758053542253,44.29078047911252,44.29875946044922,13518400,0.0,0.0
2018-06-12 00:00:00-04:00,44.402509608469785,44.649900677973534,43.963592522270545,44.19502258300781,13608300,0.0,0.0
2018-06-13 00:00:00-04:00,44.2030058228689,44.63394396831814,44.00349776044811,44.01945877075195,14901100,0.0,0.0
2018-06-14 00:00:00-04:00,44.15511176515256,44.171069726119576,43.47678274253639,43.68427276611328,18189100,0.0,0.0
2018-06-15 00:00:00-04:00,43.532654636251,44.18704077769685,43.3969906274335,43.87580871582031,35715800,0.0,0.0
2018-06-18 00:00:00-04:00,43.50073105744753,44.07531517829253,43.43689006860422,43.95561218261719,17856700,0.0,0.0
2018-06-19 00:00:00-04:00,43.63639810564751,44.07531517829253,43.57255407255315,43.95561218261719,16654800,0.0,0.0
2018-06-20 00:00:00-04:00,44.25885476076196,44.36259977496026,43.44486174126492,43.476783752441406,16545600,0.0,0.0
2018-06-21 00:00:00-04:00,43.29323694925526,43.70023193870889,42.99796595517123,43.388999938964844,21191600,0.0,0.0
2018-06-22 00:00:00-04:00,43.859845811615436,43.931668826194816,42.9181676401307,43.04585266113281,24015000,0.0,0.0
2018-06-25 00:00:00-04:00,42.91817112835569,43.20546321002321,42.37550898392844,43.06181716918945,21069600,0.0,0.0
2018-06-26 00:00:00-04:00,43.013931038408856,43.04585000850416,42.31166194404787,42.63885498046875,14409100,0.0,0.0
2018-06-27 00:00:00-04:00,42.487223185886776,43.045843126378514,42.343577188545936,42.519142150878906,19520900,0.0,0.0
2018-06-28 00:00:00-04:00,42.73461026749678,42.9820012676597,42.31165430861366,42.79845428466797,13837300,0.0,0.0
2018-06-29 00:00:00-04:00,44.38653922329692,45.5835872296531,44.21895323302718,44.24289321899414,43888500,0.0,0.0
2018-07-02 00:00:00-04:00,44.05137618246027,44.99305438210289,43.94763114846544,44.94517135620117,21204900,0.0,0.0
2018-07-03 00:00:00-04:00,45.032952089991504,45.19255912041337,44.23491998213307,44.33866500854492,12830400,0.0,0.0
2018-07-05 00:00:00-04:00,44.62594521103394,44.753633245595125,43.931658266484135,44.08328628540039,16788600,0.0,0.0
2018-07-06 00:00:00-04:00,44.13116980908346,44.79353784260012,43.91570079977986,44.60200881958008,12389100,0.0,0.0
2018-07-09 00:00:00-04:00,44.84141928242833,45.46388634442337,44.697773271525676,45.30427932739258,16684000,0.0,0.0
2018-07-10 00:00:00-04:00,45.535698646890246,45.55165964926682,44.96111473833329,45.18456268310547,15581400,0.0,0.0
2018-07-11 00:00:00-04:00,45.009003250164305,45.28831321528976,44.67382824776346,44.74565124511719,15641400,0.0,0.0
2018-07-12 00:00:00-04:00,45.05689537753059,45.072856386166315,44.37058722744988,44.713741302490234,18236100,0.0,0.0
2018-07-13 00:00:00-04:00,43.68428279135971,44.522215969949805,42.79846658612832,44.17906188964844,34323400,0.0,0.0
2018-07-16 00:00:00-04:00,44.482306911906775,45.67137293771363,44.39452290109205,45.4798469543457,25538700,0.0,0.0
2018-07-17 00:00:00-04:00,45.44793557015193,45.511776564786615,45.03295845014683,45.13670349121094,21649000,0.0,0.0
2018-07-18 00:00:00-04:00,44.8972851585242,45.344184235948966,44.801522157737075,45.144676208496094,19913900,0.0,0.0
2018-07-19 00:00:00-04:00,44.89728665262413,45.39206876903336,44.705760644676246,44.95315170288086,22219400,0.0,0.0
2018-07-20 00:00:00-04:00,44.74566720912596,45.2165063499271,44.570099143123414,45.016998291015625,17250400,0.0,0.0
2018-07-23 00:00:00-04:00,45.001037213835936,46.35769262125967,44.929214190964935,46.28586959838867,24584100,0.0,0.0
2018-07-24 00:00:00-04:00,46.28585648814319,46.83649747802022,46.16615046918054,46.56516647338867,27245000,0.0,0.0
2018-07-25 00:00:00-04:00,46.36566491472524,46.68487898015316,46.16615688489552,46.46940994262695,15531100,0.0,0.0
2018-07-26 00:00:00-04:00,46.660933904770715,46.86842089370747,46.44546489073027,46.53324890136719,14165300,0.0,0.0
2018-07-27 00:00:00-04:00,46.58910818396747,47.004085181898624,46.41354017292917,46.78861618041992,17662900,0.0,0.0
2018-07-30 00:00:00-04:00,46.94821464509158,47.29934755903575,46.52525569947147,46.676883697509766,22699900,0.0,0.0
2018-07-31 00:00:00-04:00,46.772663330837375,46.852465325632735,45.64743815641738,45.719261169433594,21633800,0.0,0.0
2018-08-01 00:00:00-04:00,46.25394549783196,46.50931555783058,45.65542134891306,46.00655746459961,19192700,0.0,0.0
2018-08-02 00:00:00-04:00,45.5516664375032,46.644969387101185,45.5516664375032,46.51728439331055,13489100,0.0,0.0
2018-08-03 00:00:00-04:00,46.33374941488294,47.0280365583157,46.30980637941893,46.94823455810547,13720400,0.0,0.0
2018-08-06 00:00:00-04:00,46.748721010705786,47.107833013633226,46.43748594031743,46.99610900878906,13360500,0.0,0.0
2018-08-07 00:00:00-04:00,47.03600957899616,47.21157761030747,46.84448358506634,46.94024658203125,13810900,0.0,0.0
2018-08-08 00:00:00-04:00,46.89235778499394,47.482902789408016,46.89235778499394,47.235511779785156,13778600,0.0,0.0
2018-08-09 00:00:00-04:00,47.14709839466864,47.3480664132878,46.94613037604947,46.9782829284668,15859500,0.43,0.0
2018-08-10 00:00:00-04:00,46.126171689119325,46.96219615646167,46.126171689119325,46.664764404296875,16170100,0.0,0.0
2018-08-13 00:00:00-04:00,46.35126247789099,46.71300551523847,46.27087649915979,46.31106948852539,19541100,0.0,0.0
2018-08-14 00:00:00-04:00,46.35929713878609,46.83358174523992,46.35929713878609,46.68084716796875,14860400,0.0,0.0
2018-08-15 00:00:00-04:00,46.36735275274403,46.82555970106299,46.34323756594704,46.616554260253906,17378400,0.0,0.0
2018-08-16 00:00:00-04:00,46.73711847777184,47.27571432260462,46.664769873735445,47.15513229370117,19992500,0.0,0.0
2018-08-17 00:00:00-04:00,47.03454569204951,47.46059990396611,47.03454569204951,47.31590270996094,13737600,0.0,0.0
2018-08-20 00:00:00-04:00,47.27572208174851,47.59726910071775,47.163177405253954,47.452571868896484,11403400,0.0,0.0
2018-08-21 00:00:00-04:00,47.42844162238508,47.854492743805714,47.38020820492074,47.39628601074219,17943500,0.0,0.0
2018-08-22 00:00:00-04:00,47.460600478344126,47.83038083793113,47.29178810547112,47.565101623535156,20829600,0.0,0.0
2018-08-23 00:00:00-04:00,47.428454284249355,47.468647276269245,47.082789033126595,47.122982025146484,19655600,0.0,0.0
2018-08-24 00:00:00-04:00,47.34806809671568,47.364142840231565,47.16317481446711,47.17925262451172,14366600,0.0,0.0
2018-08-27 00:00:00-04:00,47.3239408436308,47.81430322383497,47.23551443847554,47.50883102416992,19915200,0.0,0.0
2018-08-28 00:00:00-04:00,47.58118592561399,47.69373058942056,47.420413967518805,47.48472213745117,19330200,0.0,0.0
2018-08-29 00:00:00-04:00,47.468634603674744,47.573138808250185,47.28374443651998,47.39628601074219,14436600,0.0,0.0
2018-08-30 00:00:00-04:00,47.163170452807584,47.492760928448256,46.97024288317178,46.99435806274414,14800900,0.0,0.0
2018-08-31 00:00:00-04:00,46.84162081656127,47.0586666199508,46.68084580665847,47.010433197021484,16720200,0.0,0.0
2018-09-04 00:00:00-04:00,46.98632710001431,47.3882631691906,46.68085482881225,47.26768112182617,19003700,0.0,0.0
2018-09-05 00:00:00-04:00,47.331981466894455,47.58922024661713,47.27571067548813,47.38825225830078,22332300,0.0,0.0
2018-09-06 00:00:00-04:00,47.35609629494767,47.55706428178186,46.568302154541016,46.568302154541016,20756900,0.0,0.0
2018-09-07 00:00:00-04:00,46.560268465075936,46.6808505012618,46.10206163401536,46.14225769042969,21482400,0.0,0.0
2018-09-10 00:00:00-04:00,46.319102487006376,46.49595530335337,46.06990413654823,46.19048309326172,15623000,0.0,0.0
2018-09-11 00:00:00-04:00,46.14225655031784,46.27087595469142,46.0779453148668,46.12617874145508,22160300,0.0,0.0
2018-09-12 00:00:00-04:00,46.08599376752729,46.134224135974975,44.85606724111787,44.96860885620117,23868800,0.0,0.0
2018-09-13 00:00:00-04:00,45.02486476248305,45.21779537200928,44.2049181049486,44.212955474853516,26954800,0.0,0.0
2018-09-14 00:00:00-04:00,44.36569869226694,44.66313356776312,43.97180309297745,43.99591827392578,20997600,0.0,0.0
2018-09-17 00:00:00-04:00,44.01198960514337,44.02002697543357,43.36085221662399,43.658287048339844,21959500,0.0,0.0
2018-09-18 00:00:00-04:00,43.61005571347858,43.97179872440756,43.441243330554485,43.8110237121582,22055200,0.0,0.0
2018-09-19 00:00:00-04:00,43.80298628211665,44.574702660033694,43.634170832893055,44.38981246948242,17046200,0.0,0.0
2018-09-20 00:00:00-04:00,44.719409206284574,44.86410644068793,44.20493151352996,44.65509796142578,20308000,0.0,0.0
2018-09-21 00:00:00-04:00,44.81586308060624,44.86409650356693,44.14864786236051,44.20492172241211,36158500,0.0,0.0
2018-09-24 00:00:00-04:00,44.05218318142961,44.341577580214725,43.60201684245562,43.61809158325195,19604700,0.0,0.0
2018-09-25 00:00:00-04:00,43.65025349702533,43.9637631187754,43.56986751533047,43.5939826965332,15207400,0.0,0.0
2018-09-26 00:00:00-04:00,43.71455418419924,43.77082497110926,42.62128792447097,42.733829498291016,22025100,0.0,0.0
2018-09-27 00:00:00-04:00,42.8303021073157,43.087540919582636,42.4122882707498,42.46052169799805,19991000,0.0,0.0
2018-09-28 00:00:00-04:00,42.35602706181084,42.58915074649812,42.13094381674959,42.25152587890625,18588600,0.0,0.0
2018-10-01 00:00:00-04:00,42.3962064825918,42.44443683529637,41.929959296260826,42.0023078918457,17209000,0.0,0.0
2018-10-02 00:00:00-04:00,41.994279692791046,42.08270304756903,41.70488524725238,41.905853271484375,17509600,0.0,0.0
2018-10-03 00:00:00-04:00,42.203274343310575,42.540899066123664,42.06661759356087,42.323856353759766,18444900,0.0,0.0
2018-10-04 00:00:00-04:00,42.38818221208789,43.2965586883053,42.38818221208789,43.015201568603516,21417500,0.0,0.0
2018-10-05 00:00:00-04:00,43.167933961742975,43.296553379784804,42.58914504729035,42.757957458496094,14793000,0.0,0.0
2018-10-08 00:00:00-04:00,42.58913214552055,43.37692622569187,42.58913214552055,43.143802642822266,12858200,0.0,0.0
2018-10-09 00:00:00-04:00,42.910682500077904,43.38496703953287,42.589132516318365,43.0312614440918,15918300,0.0,0.0
2018-10-10 00:00:00-04:00,43.16791692861211,43.46534864049953,42.13092155490348,42.14699935913086,21875900,0.0,0.0
2018-10-11 00:00:00-04:00,42.10682279079453,42.476603232544235,41.00551577099864,41.35118103027344,33147900,0.0,0.0
2018-10-12 00:00:00-04:00,41.88174151243318,42.87050704339775,40.89297904799777,41.8897819519043,32067300,0.0,0.0
2018-10-15 00:00:00-04:00,42.211323578734245,43.401057012252906,42.211323578734245,42.798152923583984,34118900,0.0,0.0
2018-10-16 00:00:00-04:00,42.854418527681304,43.24027672963582,42.22739626629286,43.19204330444336,28227200,0.0,0.0
2018-10-17 00:00:00-04:00,43.05539039990682,44.22100248139517,42.757955517631565,43.778873443603516,23524200,0.0,0.0
2018-10-18 00:00:00-04:00,43.54574693289782,43.73064020063452,42.4122874792102,42.685604095458984,22533300,0.0,0.0
2018-10-19 00:00:00-04:00,42.66952994966967,43.11165896452439,42.492677117116386,42.51679229736328,19521000,0.0,0.0
2018-10-22 00:00:00-04:00,42.66150143218426,42.74188743315402,41.4476556449764,41.52000427246094,17621500,0.0,0.0
2018-10-23 00:00:00-04:00,40.86885443282132,41.76115288342413,40.571422638129874,41.4476432800293,25529800,0.0,0.0
2018-10-24 00:00:00-04:00,41.24666355309205,41.39136072378642,40.20966818529161,40.3463249206543,31161500,0.0,0.0
2018-10-25 00:00:00-04:00,40.61964962083879,42.2917047886446,40.53122321358565,41.68880081176758,29366100,0.0,0.0
2018-10-26 00:00:00-04:00,41.2547075272816,41.74506989908915,40.82865638231415,41.19843673706055,30053800,0.0,0.0
2018-10-29 00:00:00-04:00,41.704875004657474,42.72579268500508,41.47175141783594,41.986228942871094,30541300,0.0,0.0
2018-10-30 00:00:00-04:00,42.16309808240725,42.53287856351913,41.69685072806948,42.35602569580078,24910900,0.0,0.0
2018-10-31 00:00:00-04:00,42.63737314552184,43.433204736815306,42.62933270797755,42.79010772705078,23667400,0.0,0.0
2018-11-01 00:00:00-04:00,42.95088517600783,43.376936394105975,42.7258019764886,43.055389404296875,17654800,0.0,0.0
2018-11-02 00:00:00-04:00,43.577895342886016,43.915523138423524,42.69363747178944,43.09557342529297,18285600,0.0,0.0
2018-11-05 00:00:00-05:00,43.19204732113537,43.650254170225836,41.126096281122926,43.13577651977539,18990000,0.0,0.0
2018-11-06 00:00:00-05:00,42.894613435640046,43.175967428870244,42.57306338635251,43.04734802246094,20696800,0.0,0.0
2018-11-07 00:00:00-05:00,43.2643882753869,43.55378266917995,42.43640114488976,43.07146072387695,20668500,0.0,0.0
2018-11-08 00:00:00-05:00,42.868866862818734,43.436127261930324,42.83645109963027,43.07956314086914,22429200,0.43,0.0
2018-11-09 00:00:00-05:00,43.02283321813671,43.265945237434664,42.731097558444354,42.98231506347656,18972200,0.0,0.0
2018-11-12 00:00:00-05:00,43.055263353188735,43.41993304955585,42.3664421286424,42.42316818237305,19003300,0.0,0.0
2018-11-13 00:00:00-05:00,42.64196854090146,43.217337638296236,42.64196854090146,42.73921585083008,28102000,0.0,0.0
2018-11-14 00:00:00-05:00,43.06335167398471,43.18490923015239,41.72623401282557,42.26108169555664,24788400,0.0,0.0
2018-11-15 00:00:00-05:00,41.76675549906225,42.876969108017946,41.556056130411285,42.80403518676758,23220100,0.0,0.0
2018-11-16 00:00:00-05:00,42.666276688957495,43.09577476886116,42.52851122909895,42.901283264160156,18872500,0.0,0.0
2018-11-19 00:00:00-05:00,42.925602070192596,43.338892319429824,42.625760833669254,43.209232330322266,20215500,0.0,0.0
2018-11-20 00:00:00-05:00,42.99041950738958,43.144392830310515,42.43126152721342,42.57712936401367,22999200,0.0,0.0
2018-11-21 00:00:00-05:00,42.641953921204966,43.11197315070104,42.35832375950004,42.48798370361328,16946300,0.0,0.0
2018-11-23 00:00:00-05:00,42.11522593712658,42.37454591270443,41.823490191767014,42.001773834228516,11139400,0.0,0.0
2018-11-26 00:00:00-05:00,42.40695518627325,43.09577318625778,42.40695518627325,42.8526611328125,20581700,0.0,0.0
2018-11-27 00:00:00-05:00,42.69870154863515,43.20923918924799,42.504213079770196,43.10388946533203,18044600,0.0,0.0
2018-11-28 00:00:00-05:00,43.07146276957588,44.05201646707125,42.6095489421165,44.04391098022461,23713300,0.0,0.0
2018-11-29 00:00:00-05:00,43.73597567189316,44.100642248428215,43.590107804744,43.792701721191406,14978400,0.0,0.0
2018-11-30 00:00:00-05:00,43.8251175861379,44.20599204778702,43.65493634653101,43.98719024658203,18939000,0.0,0.0
2018-12-03 00:00:00-05:00,44.39238111964528,44.60308053878851,43.436137519135045,43.95478057861328,21261700,0.0,0.0
2018-12-04 00:00:00-05:00,43.71976707892976,43.75218284695698,41.74244850799877,41.96125030517578,33280500,0.0,0.0
2018-12-06 00:00:00-05:00,41.045527807742005,41.44261014411292,40.53499028392734,41.40209197998047,40310200,0.0,0.0
2018-12-07 00:00:00-05:00,41.24000670519098,41.69381807611694,40.55929119447057,40.729469299316406,28510500,0.0,0.0
2018-12-10 00:00:00-05:00,40.57550690302262,40.57550690302262,39.14114168971972,39.546329498291016,34524600,0.0,0.0
2018-12-11 00:00:00-05:00,40.0406579531815,40.18652580732579,38.533358854582204,38.70353698730469,32388600,0.0,0.0
2018-12-12 00:00:00-05:00,39.13304196965587,39.14114436619277,37.96609902271883,38.68733596801758,42820000,0.0,0.0
2018-12-13 00:00:00-05:00,38.87371636494849,38.99527084340345,38.03092504577612,38.111961364746094,35227100,0.0,0.0
2018-12-14 00:00:00-05:00,37.722980477424386,38.48473545759779,37.58521812053016,37.71487808227539,25913000,0.0,0.0
2018-12-17 00:00:00-05:00,37.45556802788719,38.33887771606123,37.37452859835765,37.77161407470703,29443300,0.0,0.0
2018-12-18 00:00:00-05:00,38.039033365273596,38.50905274424425,37.53660130846951,37.69867706298828,26740000,0.0,0.0
2018-12-19 00:00:00-05:00,37.59332867793988,38.436120157939385,36.71001903072344,37.009857177734375,34287600,0.0,0.0
2018-12-20 00:00:00-05:00,36.79105626876203,37.90127005944627,36.734330219763855,37.309696197509766,43969900,0.0,0.0
2018-12-21 00:00:00-05:00,36.94502163416712,37.706773542120985,36.41017389212772,36.564144134521484,55577900,0.0,0.0
2018-12-24 00:00:00-05:00,36.03740745433528,36.54794190662501,35.33237838745117,35.33237838745117,18049900,0.0,0.0
2018-12-26 00:00:00-05:00,35.5268726634813,36.945030212402344,34.86236480215106,36.945030212402344,27770000,0.0,0.0
2018-12-27 00:00:00-05:00,36.23999069381794,36.896392822265625,35.53496183471467,36.896392822265625,27005300,0.0,0.0
2018-12-28 00:00:00-05:00,37.01794746349445,37.62572899615953,36.89638992042674,37.09898376464844,23635000,0.0,0.0
2018-12-31 00:00:00-05:00,37.26106265134593,37.66625037451151,36.92880884200364,37.34210205078125,16544500,0.0,0.0
2019-01-02 00:00:00-05:00,36.8963950368229,38.047129839068766,36.79915084368599,38.039024353027344,20295200,0.0,0.0
2019-01-03 00:00:00-05:00,37.804024497096194,38.371284966842595,37.57711721785993,37.739192962646484,22262000,0.0,0.0
2019-01-04 00:00:00-05:00,38.42801222679219,38.98717340938878,38.24973168410351,38.857513427734375,23343600,0.0,0.0
2019-01-07 00:00:00-05:00,38.719740987015896,39.08441058580469,38.525252595220046,38.60628890991211,21858000,0.0,0.0
2019-01-08 00:00:00-05:00,38.81700435457293,39.027700714857666,38.02283330317881,38.5252685546875,19702900,0.0,0.0
2019-01-09 00:00:00-05:00,38.50093323666655,38.8818106573934,38.15247466464402,38.73594284057617,18837700,0.0,0.0
2019-01-10 00:00:00-05:00,38.49284446676364,38.938550468637544,38.33887420177822,38.695438385009766,16208400,0.0,0.0
2019-01-11 00:00:00-05:00,38.49284072869565,38.970962452979265,38.233520785830386,38.79267883300781,20006900,0.0,0.0
2019-01-14 00:00:00-05:00,38.5009388469114,39.29510956145692,38.41180013816675,39.238380432128906,23827600,0.0,0.0
2019-01-15 00:00:00-05:00,38.57387393587467,39.10061926615048,38.09575225021022,38.63059997558594,27447600,0.0,0.0
2019-01-16 00:00:00-05:00,39.01958425519214,39.98393005388288,38.88992428989475,39.6597785949707,32026400,0.0,0.0
2019-01-17 00:00:00-05:00,39.41668022591498,40.000151817914286,39.22219175614087,39.89480209350586,25738800,0.0,0.0
2019-01-18 00:00:00-05:00,39.789436758079965,40.64843592135429,39.59494836461158,40.526878356933594,36380300,0.0,0.0
2019-01-22 00:00:00-05:00,40.33240053315789,40.599822917093164,40.21894842534667,40.40533447265625,33975200,0.0,0.0
2019-01-23 00:00:00-05:00,40.518783616925234,40.77810358476652,40.11359578075598,40.61602783203125,16806700,0.0,0.0
2019-01-24 00:00:00-05:00,40.34859325829075,40.79429912494008,40.23514119310767,40.5025634765625,17862100,0.0,0.0
2019-01-25 00:00:00-05:00,40.84292436448911,40.9563764341195,40.48635718412268,40.624122619628906,20183400,0.0,0.0
2019-01-28 00:00:00-05:00,40.33239519764294,40.437744894390256,39.870481339038584,40.3729133605957,19913100,0.0,0.0
2019-01-29 00:00:00-05:00,40.3404907600829,40.6079161546775,40.2918702093109,40.397216796875,11927600,0.0,0.0
2019-01-30 00:00:00-05:00,40.389126647847455,40.802416911401444,40.18653271464022,40.59172058105469,16885100,0.0,0.0
2019-01-31 00:00:00-05:00,40.2973339065652,40.411814472537706,39.79034720610346,39.99477767944336,24934700,0.45,0.0
2019-02-01 00:00:00-05:00,40.06837277462018,40.133792023382455,39.89665192566142,39.99477767944336,21123500,0.0,0.0
2019-02-04 00:00:00-05:00,39.94571529288642,40.191034368973256,39.83123472103877,40.11743927001953,17547800,0.0,0.0
2019-02-05 00:00:00-05:00,40.289161682128906,40.33004715660018,39.863945885031825,40.289161682128906,14784900,0.0,0.0
2019-02-06 00:00:00-05:00,40.141963419668365,40.501759889889506,40.125608609290886,40.248268127441406,12145700,0.0,0.0
2019-02-07 00:00:00-05:00,40.141964410545405,40.31368524470605,39.013507421533234,39.31606674194336,24189700,0.0,0.0
2019-02-08 00:00:00-05:00,39.2015878228781,39.28336188670583,38.481994777363575,38.96445083618164,20641200,0.0,0.0
2019-02-11 00:00:00-05:00,39.14434753787948,39.21794263564365,38.74366554288915,38.96445083618164,15995900,0.0,0.0
2019-02-12 00:00:00-05:00,39.2588252584702,40.4445225833409,39.2588252584702,40.109256744384766,22033000,0.0,0.0
2019-02-13 00:00:00-05:00,40.26463189045501,40.648959102015006,39.9784273242547,40.08473205566406,13770900,0.0,0.0
2019-02-14 00:00:00-05:00,39.765815077381845,39.99477620086232,39.27518008788766,39.675865173339844,16456500,0.0,0.0
2019-02-15 00:00:00-05:00,40.141963419668365,40.411809992493936,39.651331585788526,40.248268127441406,19346200,0.0,0.0
2019-02-19 00:00:00-05:00,40.09290010373277,40.575356105524094,39.92117926903446,40.37910461425781,15121700,0.0,0.0
2019-02-20 00:00:00-05:00,40.41998160340715,40.78795697154866,40.313676914975034,40.730716705322266,16742600,0.0,0.0
2019-02-21 00:00:00-05:00,40.6898442376965,40.796148968218446,40.37093316549245,40.526302337646484,16938800,0.0,0.0
2019-02-22 00:00:00-05:00,40.55900918461953,40.68166873004278,40.027491766296365,40.08473205566406,15848200,0.0,0.0
2019-02-25 00:00:00-05:00,40.2809765742137,41.07416775934254,40.27280072831067,40.60806655883789,16564100,0.0,0.0
2019-02-26 00:00:00-05:00,40.46905608838558,41.00057342398869,40.34639656205184,40.55082702636719,16997800,0.0,0.0
2019-02-27 00:00:00-05:00,40.55082260329403,40.910619058274236,40.36274697096158,40.804317474365234,17455000,0.0,0.0
2019-02-28 00:00:00-05:00,40.86974149094355,40.99240102759955,40.665311009424606,40.796146392822266,17786600,0.0,0.0
2019-03-01 00:00:00-05:00,41.07416663088533,41.57297744002049,40.77978627668351,40.910621643066406,19051400,0.0,0.0
2019-03-04 00:00:00-05:00,41.12323771678545,41.62204860662828,40.632602673943865,40.97604751586914,16697000,0.0,0.0
2019-03-05 00:00:00-05:00,40.910626963375016,40.926981776219925,40.33822411061126,40.796146392822266,14235400,0.0,0.0
2019-03-06 00:00:00-05:00,40.86156639927417,41.06599688457074,40.62442628768335,40.73890686035156,14211000,0.0,0.0
2019-03-07 00:00:00-05:00,40.6489660903619,40.76344668877874,40.305524295111404,40.62443542480469,19047300,0.0,0.0
2019-03-08 00:00:00-05:00,40.280978869876634,40.80432349897365,40.207383775109975,40.72254943847656,17400000,0.0,0.0
2019-03-11 00:00:00-04:00,40.88609302847952,40.96786396679194,40.58353681348995,40.68983840942383,19471500,0.0,0.0
2019-03-12 00:00:00-04:00,40.7061970833151,40.92698238094118,40.50994556499967,40.59989547729492,18299300,0.0,0.0
2019-03-13 00:00:00-04:00,40.779800858597895,40.95152487286095,40.56719448196301,40.82068634033203,21647300,0.0,0.0
2019-03-14 00:00:00-04:00,40.943333492907875,41.532094233355735,40.82885293101221,41.17229461669922,20160700,0.0,0.0
2019-03-15 00:00:00-04:00,41.06599238764225,41.54026943952656,40.88609258208545,41.42578887939453,46117300,0.0,0.0
2019-03-18 00:00:00-04:00,41.572978788353176,42.57877628492286,41.5648029424096,42.300750732421875,23843300,0.0,0.0
2019-03-19 00:00:00-04:00,42.86497151748929,42.86497151748929,41.98183367263657,42.0390739440918,19911900,0.0,0.0
2019-03-20 00:00:00-04:00,41.85918615126064,42.16992137053477,41.155947883541714,41.21318817138672,20632400,0.0,0.0
2019-03-21 00:00:00-04:00,40.86973982842326,41.00057520649874,40.20738397227537,40.77161407470703,24132800,0.0,0.0
2019-03-22 00:00:00-04:00,40.27280404798511,40.45270386629363,39.25065166098042,39.504146575927734,27975800,0.0,0.0
2019-03-25 00:00:00-04:00,39.594089167139906,39.97841942209475,39.12798797764033,39.31606674194336,17227600,0.0,0.0
2019-03-26 00:00:00-04:00,39.67586376347923,40.101079491519826,39.58591386263355,40.07654571533203,16989600,0.0,0.0
2019-03-27 00:00:00-04:00,40.019306016317536,40.223736477797345,39.61862405865943,39.88029479980469,16912000,0.0,0.0
2019-03-28 00:00:00-04:00,39.8475760332701,40.24826101834202,39.53684092970579,40.1419563293457,15881600,0.0,0.0
2019-03-29 00:00:00-04:00,40.72253770033579,40.72253770033579,39.0870943941427,39.51231002807617,53590800,0.0,0.0
2019-04-01 00:00:00-04:00,39.602281998032346,39.986612387551574,39.38967250279785,39.91301727294922,42015500,0.0,0.0
2019-04-02 00:00:00-04:00,39.71675128523177,39.97024618987333,39.21794044155466,39.42237091064453,35393600,0.0,0.0
2019-04-03 00:00:00-04:00,39.63498071846577,39.96206760047193,39.31606968278115,39.95389175415039,30366300,0.0,0.0
2019-04-04 00:00:00-04:00,40.02748171718605,40.6244182417007,39.97024144218882,40.20737838745117,19260100,0.0,0.0
2019-04-05 00:00:00-04:00,40.28098350288612,40.403643048059,39.74128711897673,39.88847732543945,23734900,0.0,0.0
2019-04-08 00:00:00-04:00,39.77399833448507,40.15014971296502,39.724937009947126,39.970252990722656,18875200,0.0,0.0
2019-04-09 00:00:00-04:00,39.806698090972226,39.82305290154923,39.267001819375686,39.36512756347656,22903500,0.0,0.0
2019-04-10 00:00:00-04:00,39.31608151158528,39.40602832562979,38.76003021358126,39.078941345214844,30977800,0.0,0.0
2019-04-11 00:00:00-04:00,39.22611196800669,39.46324889646373,38.74365602767694,39.03803634643555,33662700,0.0,0.0
2019-04-12 00:00:00-04:00,39.04622023742367,39.921182409948955,37.66427136665042,38.015892028808594,70271400,0.0,0.0
2019-04-15 00:00:00-04:00,37.50889552659608,38.481986398418066,37.33717470899016,38.24484634399414,34954000,0.0,0.0
2019-04-16 00:00:00-04:00,38.33480458183524,39.14434753787948,38.326625615771675,38.96445083618164,25217100,0.0,0.0
2019-04-17 00:00:00-04:00,39.21794102037963,39.21794102037963,38.36750950776733,38.88267517089844,25144000,0.0,0.0
2019-04-18 00:00:00-04:00,38.79273141561041,39.14435213294161,38.531060619367935,38.9072151184082,22416800,0.0,0.0
2019-04-22 00:00:00-04:00,38.768197871419716,38.84179297235232,38.514702941682565,38.645538330078125,15972600,0.0,0.0
2019-04-23 00:00:00-04:00,38.596463646121116,38.79271510108721,38.39203322757107,38.719120025634766,16434300,0.0,0.0
2019-04-24 00:00:00-04:00,38.48199393594545,38.997156489668875,38.457460157652775,38.825435638427734,17831800,0.0,0.0
2019-04-25 00:00:00-04:00,38.57194237245718,39.21794345303323,38.359336040797054,38.84996795654297,23042800,0.0,0.0
2019-04-26 00:00:00-04:00,38.85814477382114,39.23429609638164,38.76001901997089,39.21794128417969,13035500,0.0,0.0
2019-04-29 00:00:00-04:00,39.22611581560338,39.896647443275135,39.21793685074626,39.471431732177734,16918700,0.0,0.0
2019-04-30 00:00:00-04:00,39.53685398784266,39.70857796351039,39.34060247188183,39.58591842651367,18525100,0.0,0.0
2019-05-01 00:00:00-04:00,39.512315787405356,39.94570732852245,39.242469224618056,39.438720703125,17542100,0.0,0.0
2019-05-02 00:00:00-04:00,39.53685333686209,39.65133702520945,39.12799237942045,39.495967864990234,16883000,0.0,0.0
2019-05-03 00:00:00-04:00,39.6758684323783,39.88029891495278,39.53685408215962,39.78217315673828,16571300,0.0,0.0
2019-05-06 00:00:00-04:00,39.24247173910322,39.84758414252709,39.152521839290195,39.60226821899414,19279900,0.0,0.0
2019-05-07 00:00:00-04:00,39.291537537011685,39.381487447091786,38.359335049566184,38.57194137573242,23919100,0.0,0.0
2019-05-08 00:00:00-04:00,38.481990610963,38.686421069356506,38.2775601525695,38.432926177978516,19814400,0.0,0.0
2019-05-09 00:00:00-04:00,37.97884401945022,38.664115977656394,37.79720506194647,38.58980941772461,23246900,0.45,0.0
2019-05-10 00:00:00-04:00,38.31734133512521,39.10994234184979,38.06965391421333,38.928306579589844,19983400,0.0,0.0
2019-05-13 00:00:00-04:00,38.21000169941246,38.796199035182624,38.1934887878892,38.251285552978516,23304700,0.0,0.0
2019-05-14 00:00:00-04:00,38.29256526831481,38.74665930017422,37.96231334540846,38.383384704589844,21267600,0.0,0.0
2019-05-15 00:00:00-04:00,37.9953308523049,38.267785951987314,37.55774982730721,37.846717834472656,20123300,0.0,0.0
2019-05-16 00:00:00-04:00,37.97057728870269,38.41641335968384,37.7806803562745,37.896270751953125,20764100,0.0,0.0
2019-05-17 00:00:00-04:00,37.51649060685355,38.168736707701065,37.4917228041308,37.73115539550781,22273500,0.0,0.0
2019-05-20 00:00:00-04:00,37.6650895256199,37.904522026750776,37.400889231101665,37.52473449707031,18854000,0.0,0.0
2019-05-21 00:00:00-04:00,37.66508821720835,38.27605334550548,37.582526809107904,38.251285552978516,18416300,0.0,0.0
2019-05-22 00:00:00-04:00,38.03663737859685,38.234789253451794,37.945817900518215,38.061405181884766,13155000,0.0,0.0
2019-05-23 00:00:00-04:00,37.83848207837276,37.863249877356985,37.21100387496158,37.615562438964844,17643700,0.0,0.0
2019-05-24 00:00:00-04:00,37.78069089462652,38.267810960411495,37.64033581356977,38.119197845458984,13425500,0.0,0.0
2019-05-28 00:00:00-04:00,38.03663181048958,38.18524490749631,37.63207638492872,37.64033126831055,19984600,0.0,0.0
2019-05-29 00:00:00-04:00,37.47520440898472,37.714636965369785,37.26054280121939,37.54951095581055,16058800,0.0,0.0
2019-05-30 00:00:00-04:00,37.72289306814732,37.85499325016218,37.05413727461069,37.19449234008789,13775900,0.0,0.0
2019-05-31 00:00:00-04:00,36.76516061813922,37.03761897555212,36.5092183242843,36.633060455322266,17540500,0.0,0.0
2019-06-03 00:00:00-04:00,36.52572632092557,37.24402066269518,36.49270049728847,36.756900787353516,20172500,0.0,0.0
2019-06-04 00:00:00-04:00,37.285292525933784,37.780667164957414,37.1614472914203,37.71461868286133,21082000,0.0,0.0
2019-06-05 00:00:00-04:00,37.871509431293084,37.89628038284902,37.400902295451964,37.86325454711914,13705400,0.0,0.0
2019-06-06 00:00:00-04:00,37.764167037028635,38.13569653628468,37.52473453565159,37.912776947021484,16020500,0.0,0.0
2019-06-07 00:00:00-04:00,37.89627089895521,38.11093247844428,37.60729963291208,37.6733512878418,14979900,0.0,0.0
2019-06-10 00:00:00-04:00,38.02837084006778,38.64759092864097,38.02837084006778,38.201751708984375,15242700,0.0,0.0
2019-06-11 00:00:00-04:00,37.84673493878877,38.35862270404329,37.78894131123664,38.19349670410156,15078300,0.0,0.0
2019-06-12 00:00:00-04:00,37.98709541808062,38.201760193525075,36.97157462521722,37.07890701293945,22470400,0.0,0.0
2019-06-13 00:00:00-04:00,37.23576804981329,37.67335240288348,37.08715497133908,37.39263916015625,15629400,0.0,0.0
2019-06-14 00:00:00-04:00,37.40915673941863,37.80545728159766,37.02111108062142,37.64033126831055,16147500,0.0,0.0
2019-06-17 00:00:00-04:00,37.63208613889252,37.995360942668974,37.2688081855985,37.37614059448242,13420400,0.0,0.0
2019-06-18 00:00:00-04:00,37.359623459578025,38.30083777872531,37.20275545622588,38.061405181884766,18611100,0.0,0.0
2019-06-19 00:00:00-04:00,38.37513761047502,38.59805724953735,37.67335601119919,37.68986892700195,17787600,0.0,0.0
2019-06-20 00:00:00-04:00,37.85499651342815,37.970586938482725,37.35136669137419,37.86325454711914,19205200,0.0,0.0
2019-06-21 00:00:00-04:00,37.84673083682415,38.71363830566406,37.805450128691994,38.71363830566406,39186200,0.0,0.0
2019-06-24 00:00:00-04:00,38.432926200873176,38.54851344681757,38.16872588170991,38.201751708984375,21854400,0.0,0.0
2019-06-25 00:00:00-04:00,38.086162690345205,38.41641149916996,37.50822333800677,38.094417572021484,20814000,0.0,0.0
2019-06-26 00:00:00-04:00,38.15220459643647,38.20999820672717,37.797184904927555,37.813697814941406,17106800,0.0,0.0
2019-06-27 00:00:00-04:00,38.160471909097716,38.41641420278391,38.06965245668662,38.218265533447266,13391600,0.0,0.0
2019-06-28 00:00:00-04:00,38.64760376587061,39.38241134446268,38.63934573155088,39.06867218017578,31030900,0.0,0.0
2019-07-01 00:00:00-04:00,39.53102046352467,39.7291691738887,39.13471989327964,39.374149322509766,15089100,0.0,0.0
2019-07-02 00:00:00-04:00,39.233790619343765,39.464965143223864,38.738412590222126,38.99435806274414,12107200,0.0,0.0
2019-07-03 00:00:00-04:00,39.05213914233399,39.45669757861551,38.78793887152324,39.349365234375,10438400,0.0,0.0
2019-07-05 00:00:00-04:00,39.712652227455074,39.78695877368217,39.357632412094105,39.4401969909668,10801600,0.0,0.0
2019-07-08 00:00:00-04:00,39.13471712464586,39.621837131644575,39.060410576137016,39.24204635620117,13189300,0.0,0.0
2019-07-09 00:00:00-04:00,39.05214272263416,39.53926260713482,38.97783619281149,39.48972702026367,12595000,0.0,0.0
2019-07-10 00:00:00-04:00,39.35762976276167,39.473220165402545,38.837487123701656,38.928306579589844,12784900,0.0,0.0
2019-07-11 00:00:00-04:00,38.97784138540262,39.28332557621213,38.85399925221066,38.920047760009766,19751400,0.0,0.0
2019-07-12 00:00:00-04:00,38.90353275851326,39.15122016112516,38.73840677359993,39.1016845703125,12792600,0.0,0.0
2019-07-15 00:00:00-04:00,39.13470981153959,39.1759905197711,38.342105725720316,38.565025329589844,21338400,0.0,0.0
2019-07-16 00:00:00-04:00,38.57328194817729,38.77968863129122,37.33484184949368,37.4008903503418,37548300,0.0,0.0
2019-07-17 00:00:00-04:00,37.318328980757485,37.772423054238565,37.26879024292615,37.32658386230469,24502100,0.0,0.0
2019-07-18 00:00:00-04:00,37.334848219311574,37.99534908806313,37.31007727144075,37.830223083496094,19409100,0.0,0.0
2019-07-19 00:00:00-04:00,37.94582268503744,38.317355528788106,37.86326123065623,38.00361633300781,21847900,0.0,0.0
2019-07-22 00:00:00-04:00,37.888009807250214,38.43292331834462,37.78893548237377,38.37512969970703,17972100,0.0,0.0
2019-07-23 00:00:00-04:00,38.540262879316245,39.291583211580935,38.523749963830404,38.96958923339844,21150200,0.0,0.0
2019-07-24 00:00:00-04:00,39.052145391194365,40.01813034489804,39.03563247793695,40.001617431640625,29357200,0.0,0.0
2019-07-25 00:00:00-04:00,40.059407393605646,40.24104627332719,39.638336017799496,39.70438766479492,20562000,0.0,0.0
2019-07-26 00:00:00-04:00,39.75393075011727,40.71165768973913,39.68787909589414,40.703399658203125,21641500,0.0,0.0
2019-07-29 00:00:00-04:00,40.76946250227996,40.92633049984058,39.77870946361797,39.861270904541016,19148600,0.0,0.0
2019-07-30 00:00:00-04:00,39.63834725884791,40.11721238681859,39.539272909774134,40.08418655395508,14207000,0.0,0.0
2019-07-31 00:00:00-04:00,39.844755922320715,40.43920834462609,39.7209137673517,39.96860122680664,23422800,0.0,0.0
2019-08-01 00:00:00-04:00,39.96859506194019,40.158488856549795,38.76318063554022,38.854000091552734,22668600,0.0,0.0
2019-08-02 00:00:00-04:00,38.89528083472701,39.30809425364873,38.284315588935634,39.1677360534668,20159000,0.0,0.0
2019-08-05 00:00:00-04:00,38.391643704625025,38.63933109862261,37.85498505970018,38.094417572021484,27113500,0.0,0.0
2019-08-06 00:00:00-04:00,38.48246563069687,38.82922737473778,37.830219703172716,38.746665954589844,19446100,0.0,0.0
2019-08-07 00:00:00-04:00,38.03662967919676,38.10268134061725,37.3431029818644,37.82196807861328,27830000,0.0,0.0
2019-08-08 00:00:00-04:00,38.14757857852421,38.94075498130715,38.030690027898665,38.74037551879883,20671300,0.51,0.0
2019-08-09 00:00:00-04:00,38.42311371075769,38.95746332133291,38.19768437161348,38.656890869140625,19786100,0.0,0.0
2019-08-12 00:00:00-04:00,37.99729212256035,38.33126213769655,37.84700911922058,37.93050003051758,17364400,0.0,0.0
2019-08-13 00:00:00-04:00,38.080787344872824,38.757072027308766,37.7885627767441,38.373008728027344,16649100,0.0,0.0
2019-08-14 00:00:00-04:00,37.588184700867885,37.65497679735768,36.68646751094817,36.711517333984375,28786700,0.0,0.0
2019-08-15 00:00:00-04:00,36.9870406749092,37.1540256970594,36.1855163905575,36.21891403198242,27900000,0.0,0.0
2019-08-16 00:00:00-04:00,36.51949732166533,37.18743442441011,36.42765537285504,37.06219482421875,21196600,0.0,0.0
2019-08-19 00:00:00-04:00,37.68002648019195,37.96390005540957,37.51304146212729,37.780216217041016,15378100,0.0,0.0
2019-08-20 00:00:00-04:00,37.60488223130029,37.60488223130029,37.262564387974756,37.3043098449707,13345800,0.0,0.0
2019-08-21 00:00:00-04:00,37.53809740726396,37.80527222842082,37.41286100139518,37.571495056152344,13513700,0.0,0.0
2019-08-22 00:00:00-04:00,37.84701687930731,38.264477891335986,37.621587550614855,38.089141845703125,14703900,0.0,0.0
2019-08-23 00:00:00-04:00,37.738468073288,38.114183540953874,36.811704314703526,37.08722686767578,21152500,0.0,0.0
2019-08-26 00:00:00-04:00,37.329353595119166,37.57148168593338,37.14567296154801,37.55478286743164,15973100,0.0,0.0
2019-08-27 00:00:00-04:00,37.76352851624456,37.84702264234897,37.095591432285524,37.36276626586914,15038200,0.0,0.0
2019-08-28 00:00:00-04:00,37.2709185278822,38.222729122737974,37.14568213564972,37.963905334472656,14740000,0.0,0.0
2019-08-29 00:00:00-04:00,38.406414175379126,38.815527379940576,38.22273030578319,38.56504821777344,16196600,0.0,0.0
2019-08-30 00:00:00-04:00,38.85727757347554,39.15785005666998,38.7487368023275,38.88232421875,15250600,0.0,0.0
2019-09-03 00:00:00-04:00,38.66524363478669,38.69029027861877,37.972256762332016,38.48155975341797,17224200,0.0,0.0
2019-09-04 00:00:00-04:00,38.857269255749216,38.99085664357621,38.640187759921254,38.82387161254883,17123100,0.0,0.0
2019-09-05 00:00:00-04:00,39.50015604797617,40.21818620318732,39.491805045430226,39.75897979736328,19243400,0.0,0.0
2019-09-06 00:00:00-04:00,39.72559389583385,39.88422794364679,39.324828496667024,39.3665771484375,18846100,0.0,0.0
2019-09-09 00:00:00-04:00,39.50851014807297,40.610606971292526,39.149493420890494,40.418575286865234,27651400,0.0,0.0
2019-09-10 00:00:00-04:00,40.134704121964894,40.85273762020279,40.134704121964894,40.335086822509766,25822400,0.0,0.0
2019-09-11 00:00:00-04:00,40.31838398319262,40.89447901429839,39.900922984861715,40.78593826293945,19190000,0.0,0.0
2019-09-12 00:00:00-04:00,40.510424374219184,40.977981939514606,40.259948358336956,40.61896514892578,24305900,0.0,0.0
2019-09-13 00:00:00-04:00,40.919522526402126,41.211747113875795,40.627301123902875,40.84437942504883,25142400,0.0,0.0
2019-09-16 00:00:00-04:00,40.46031426200103,40.91117284963574,40.41022098669113,40.894474029541016,17759700,0.0,0.0
2019-09-17 00:00:00-04:00,40.660699263304835,40.79428664679312,40.335080215113045,40.710792541503906,18346100,0.0,0.0
2019-09-18 00:00:00-04:00,40.602261440994006,41.08651458880737,40.43527638882649,40.85273742675781,20511700,0.0,0.0
2019-09-19 00:00:00-04:00,40.90283579478081,41.17001061664917,40.80264284784885,40.83604049682617,16887500,0.0,0.0
2019-09-20 00:00:00-04:00,40.96960975183605,41.16164137089305,40.585546513722065,40.60224533081055,30229400,0.0,0.0
2019-09-23 00:00:00-04:00,40.34343133659932,40.98632166758304,40.33508351787408,40.87778091430664,20603400,0.0,0.0
2019-09-24 00:00:00-04:00,40.894487810903634,41.09487053459463,40.46867890240137,40.61896514892578,21629300,0.0,0.0
2019-09-25 00:00:00-04:00,40.68575009524036,41.362038085392214,40.61895798910024,41.128257751464844,21313100,0.0,0.0
2019-09-26 00:00:00-04:00,41.1199025843228,41.220092318116194,40.760885921174435,40.80263137817383,19984000,0.0,0.0
2019-09-27 00:00:00-04:00,42.080070108552064,42.92333992785582,41.95483053445933,42.33889389038086,59467400,0.0,0.0
2019-09-30 00:00:00-04:00,42.38900166205677,42.455793783738095,41.79620764786708,42.11347579956055,26897100,0.0,0.0
2019-10-01 00:00:00-04:00,42.28880713615167,42.39734471981222,40.91118434838931,40.961280822753906,27249300,0.0,0.0
2019-10-02 00:00:00-04:00,40.67740422331723,40.9445790306153,40.3851795881647,40.46867370605469,23515900,0.0,0.0
2019-10-03 00:00:00-04:00,40.32673404112933,40.50206690577069,39.508510821161465,40.477020263671875,20212200,0.0,0.0
2019-10-04 00:00:00-04:00,40.62730702651121,41.11991116584623,40.5187662676815,41.08651351928711,15779500,0.0,0.0
2019-10-07 00:00:00-04:00,40.869436800370956,41.15331043738278,40.702451745956644,40.75254821777344,15691900,0.0,0.0
2019-10-08 00:00:00-04:00,40.28498871944074,40.36847965005068,39.69219483117558,39.92597198486328,19734000,0.0,0.0
2019-10-09 00:00:00-04:00,40.21817649659238,40.4269069202242,40.14303660165948,40.201480865478516,13467800,0.0,0.0
2019-10-10 00:00:00-04:00,40.35179030732135,40.969630934165835,40.20985188117037,40.61896514892578,18267800,0.0,0.0
2019-10-11 00:00:00-04:00,41.295244032819326,41.67930741332463,41.0364202344233,41.08651351928711,23024600,0.0,0.0
2019-10-14 00:00:00-04:00,40.98631430453114,41.28688668423839,40.894472390179025,41.136600494384766,16870500,0.0,0.0
2019-10-15 00:00:00-04:00,41.14495345565886,42.78975074748577,40.72749247275656,41.83794021606445,38478400,0.0,0.0
2019-10-16 00:00:00-04:00,41.779489727272285,41.979869185715,41.28688571322068,41.40377426147461,23728400,0.0,0.0
2019-10-17 00:00:00-04:00,41.7293952101323,41.88802922085536,41.31193426983289,41.420475006103516,20560100,0.0,0.0
2019-10-18 00:00:00-04:00,41.19505608290697,41.92978841452258,41.17835725889582,41.7210578918457,21199500,0.0,0.0
2019-10-21 00:00:00-04:00,41.97987127689771,42.163555110431936,41.89638036254991,42.130157470703125,19409100,0.0,0.0
2019-10-22 00:00:00-04:00,42.11346196331897,42.59771822255374,41.93812911841306,42.26374816894531,18526900,0.0,0.0
2019-10-23 00:00:00-04:00,42.34724633141362,42.55597683867024,42.22200675306974,42.522579193115234,14173700,0.0,0.0
2019-10-24 00:00:00-04:00,42.297140539678885,42.74799910036603,42.297140539678885,42.66450500488281,16695400,0.0,0.0
2019-10-25 00:00:00-04:00,42.647816736181746,43.190514118164984,42.5810214482594,43.05692672729492,17433300,0.0,0.0
2019-10-28 00:00:00-04:00,43.36584703304156,43.45768896157781,43.056926788398876,43.123722076416016,23914800,0.0,0.0
2019-10-29 00:00:00-04:00,42.99848417511136,43.716517624330535,42.99848417511136,43.55788040161133,21063000,0.0,0.0
2019-10-30 00:00:00-04:00,43.31575025583886,43.649717114045025,43.09866877227919,43.44098663330078,16155900,0.0,0.0
2019-10-31 00:00:00-04:00,43.2239098956291,43.440988202053575,42.70625917648265,43.10702133178711,18814700,0.0,0.0
2019-11-01 00:00:00-04:00,43.52447768830096,43.65806505922237,43.34079385891871,43.56622314453125,16359300,0.0,0.0
2019-11-04 00:00:00-05:00,43.90020507529866,44.08388576954289,43.616331436948464,44.017093658447266,17559900,0.0,0.0
2019-11-05 00:00:00-05:00,44.03379225792453,44.66833164248485,44.03379225792453,44.501346588134766,25965300,0.0,0.0
2019-11-06 00:00:00-05:00,44.49299156012484,44.952197996458004,44.39279863276255,44.918800354003906,22051100,0.0,0.0
2019-11-07 00:00:00-05:00,45.33182737947209,45.85443537725573,45.33182737947209,45.517269134521484,23452500,0.51,0.0
2019-11-08 00:00:00-05:00,45.373978966897454,45.711142019407184,45.146392218339074,45.6015625,14722100,0.0,0.0
2019-11-11 00:00:00-05:00,45.34026569661569,45.63528379551815,45.289689787322644,45.55942153930664,10659400,0.0,0.0
2019-11-12 00:00:00-05:00,45.306543141396794,45.719571647160755,45.19696362509929,45.70271301269531,15187600,0.0,0.0
2019-11-13 00:00:00-05:00,45.35712287009906,45.43298512386371,44.85137343984941,44.91880798339844,16846800,0.0,0.0
2019-11-14 00:00:00-05:00,44.859796548627095,45.14638687785959,44.75864475092943,45.08738327026367,16491400,0.0,0.0
2019-11-15 00:00:00-05:00,45.331827584503195,45.466693439115765,45.03680953236809,45.34868621826172,15225300,0.0,0.0
2019-11-18 00:00:00-05:00,45.3824032805189,45.60999001204618,45.222251083720714,45.517269134521484,14374600,0.0,0.0
2019-11-19 00:00:00-05:00,45.601568013799714,45.79544073136785,45.40769851168781,45.542564392089844,14434100,0.0,0.0
2019-11-20 00:00:00-05:00,45.2896840630199,45.39926357824334,44.88508648618223,45.12953186035156,14994700,0.0,0.0
2019-11-21 00:00:00-05:00,45.38240728372521,45.45826953425948,44.96095105085831,45.146392822265625,16186100,0.0,0.0
2019-11-22 00:00:00-05:00,45.4329838425862,45.81229188525637,45.35712159096098,45.75328826904297,13823400,0.0,0.0
2019-11-25 00:00:00-05:00,45.96401041767951,45.96401041767951,45.5509851578386,45.694278717041016,15561000,0.0,0.0
2019-11-26 00:00:00-05:00,45.60999744414155,45.61842515462817,45.28968978289581,45.35712432861328,18078900,0.0,0.0
2019-11-27 00:00:00-05:00,45.64370371171604,45.854431793089695,45.5256932851643,45.803855895996094,16352900,0.0,0.0
2019-11-29 00:00:00-05:00,45.57628625188954,46.149467105135045,45.57628625188954,45.90502166748047,10508600,0.0,0.0
2019-12-02 00:00:00-05:00,45.778579770885415,45.88815608252435,45.13796445989815,45.19696807861328,20252700,0.0,0.0
2019-12-03 00:00:00-05:00,44.68279629844132,44.716513574744894,43.97474957334837,44.32034683227539,25560700,0.0,0.0
2019-12-04 00:00:00-05:00,44.33719273465967,45.07895657678084,44.28662004651998,44.87665939331055,18867400,0.0,0.0
2019-12-05 00:00:00-05:00,45.01995723678253,45.121105838118346,44.75865319992095,44.86823272705078,13499700,0.0,0.0
2019-12-06 00:00:00-05:00,45.399259640892446,45.86286078984612,45.25596286949633,45.82914352416992,18325700,0.0,0.0
2019-12-09 00:00:00-05:00,45.66056867106729,45.98087632202271,45.44141283543843,45.4498405456543,15070800,0.0,0.0
2019-12-10 00:00:00-05:00,45.08739767815948,45.407702160190595,44.99467677503494,45.255977630615234,15959100,0.0,0.0
2019-12-11 00:00:00-05:00,45.29811671322226,45.50041390161837,44.73336369675012,44.81765365600586,16834200,0.0,0.0
2019-12-12 00:00:00-05:00,44.98623968889285,45.98087670639316,44.758652925689624,45.82072448730469,19119500,0.0,0.0
2019-12-13 00:00:00-05:00,45.55941919812833,45.87129591743528,45.03681435744664,45.34026336669922,19179300,0.0,0.0
2019-12-16 00:00:00-05:00,45.719571647160755,45.98930336769633,45.70271301269531,45.70271301269531,19793500,0.0,0.0
2019-12-17 00:00:00-05:00,45.60998644698697,45.94714944791162,45.508837868255114,45.803855895996094,16723400,0.0,0.0
2019-12-18 00:00:00-05:00,45.90500676670703,45.90500676670703,45.205391173652345,45.239105224609375,18857000,0.0,0.0
2019-12-19 00:00:00-05:00,45.29810415953989,45.37396638802832,45.028369290671606,45.20538330078125,18133300,0.0,0.0
2019-12-20 00:00:00-05:00,45.55940931989931,45.55940931989931,44.733355649070674,44.9525146484375,66318000,0.0,0.0
2019-12-23 00:00:00-05:00,44.960954411163456,45.51727655150809,44.885092154959366,45.35712432861328,17637700,0.0,0.0
2019-12-24 00:00:00-05:00,45.475138169236736,45.55100043645284,45.29812728421804,45.36555862426758,4635500,0.0,0.0
2019-12-26 00:00:00-05:00,45.559421722291525,45.846012111857604,45.47513175525403,45.643714904785156,12517100,0.0,0.0
2019-12-27 00:00:00-05:00,45.76172048639385,45.78700683249748,45.407695563662905,45.4498405456543,9892000,0.0,0.0
2019-12-30 00:00:00-05:00,45.66057082274246,45.73643308008425,45.095820963441675,45.180110931396484,10900500,0.0,0.0
2019-12-31 00:00:00-05:00,45.12109948570509,45.36554485202024,45.06209587527807,45.34868621826172,12566000,0.0,0.0
2020-01-02 00:00:00-05:00,45.39083139658256,45.550986810272214,45.104241052325705,45.306541442871094,16803100,0.0,0.0
2020-01-03 00:00:00-05:00,44.767088132259474,45.19697213800229,44.59007726021574,45.02838897705078,15608800,0.0,0.0
2020-01-06 00:00:00-05:00,44.45519457282801,44.84293344565221,44.438335941558904,44.75864028930664,13200300,0.0,0.0
2020-01-07 00:00:00-05:00,44.71649543431212,44.71649543431212,44.22760798806616,44.387760162353516,13278600,0.0,0.0
2020-01-08 00:00:00-05:00,44.53948360040584,44.95251201939183,44.505766338559006,44.52262496948242,16585600,0.0,0.0
2020-01-09 00:00:00-05:00,44.84294726199833,44.84294726199833,44.23604921114235,44.44677734375,20817400,0.0,0.0
2020-01-10 00:00:00-05:00,44.49734836329118,44.59006924592236,44.2360443500084,44.25290298461914,13777600,0.0,0.0
2020-01-13 00:00:00-05:00,44.252910655706266,44.252910655706266,43.6881607679001,43.92417526245117,25197600,0.0,0.0
2020-01-14 00:00:00-05:00,42.3395005782268,42.76938781570666,41.51344659528205,41.55559158325195,56668300,0.0,0.0
2020-01-15 00:00:00-05:00,41.159417495263966,41.167845205171915,40.442939965763756,40.729530334472656,47148000,0.0,0.0
2020-01-16 00:00:00-05:00,40.84753755496065,41.572442794174336,40.32493272349847,41.5134391784668,37020200,0.0,0.0
2020-01-17 00:00:00-05:00,41.61458564482102,41.65673062310434,40.906539077111745,41.45443344116211,29669200,0.0,0.0
2020-01-21 00:00:00-05:00,41.37856673776303,42.044468255474044,41.134121388407536,41.25212860107422,30858300,0.0,0.0
2020-01-22 00:00:00-05:00,41.327998040632494,41.37857394721101,40.70424460344389,40.93183135986328,20367700,0.0,0.0
2020-01-23 00:00:00-05:00,40.78853818990965,40.839114100982115,40.442944169555034,40.64524459838867,17297900,0.0,0.0
2020-01-24 00:00:00-05:00,40.61995210778304,40.63681074359225,39.76861189988186,40.097347259521484,21239600,0.0,0.0
2020-01-27 00:00:00-05:00,39.524172439695036,39.970915101636336,39.397737475321556,39.7011833190918,18156200,0.0,0.0
2020-01-28 00:00:00-05:00,40.04677157913924,40.282789266350306,39.852902089418166,39.92876434326172,16673300,0.0,0.0
2020-01-29 00:00:00-05:00,39.97090973989382,40.375510574893504,39.836043866712615,39.84447479248047,16166300,0.0,0.0
2020-01-30 00:00:00-05:00,39.7601774137365,40.41765128959514,39.65060111397315,40.383934020996094,14760200,0.0,0.0
2020-01-31 00:00:00-05:00,39.970900782043394,39.99619033822328,39.40615106949275,39.56630325317383,23080400,0.0,0.0
2020-02-03 00:00:00-05:00,39.819188468145306,40.22378608791305,39.64217439693887,39.71803665161133,15471100,0.0,0.0
2020-02-04 00:00:00-05:00,40.20693172871816,40.32493897843775,39.82762041500776,39.8360481262207,14973300,0.0,0.0
2020-02-05 00:00:00-05:00,40.375505892600835,40.79696209934842,40.274354087853325,40.721099853515625,20141800,0.0,0.0
2020-02-06 00:00:00-05:00,41.26631512128375,41.31743063837981,40.76369057734182,40.87443923950195,18259200,0.51,0.0
2020-02-07 00:00:00-05:00,40.66146637946229,40.891481352039065,40.448489914087084,40.75517654418945,13174600,0.0,0.0
2020-02-10 00:00:00-05:00,40.61036788359775,40.77223214499217,40.39739132893295,40.695560455322266,18124800,0.0,0.0
2020-02-11 00:00:00-05:00,40.95962528242135,41.18111932190743,40.84035576141575,40.88295364379883,13686100,0.0,0.0
2020-02-12 00:00:00-05:00,41.07890911059114,41.308924124766,40.687029873609774,40.712589263916016,16668100,0.0,0.0
2020-02-13 00:00:00-05:00,40.56775662910775,41.044825086335806,40.50812347817462,40.993709564208984,12530000,0.0,0.0
2020-02-14 00:00:00-05:00,41.01074916691946,41.16409248763251,40.678506388628875,41.07890319824219,15526400,0.0,0.0
2020-02-18 00:00:00-05:00,40.86592664870284,40.993710582549745,39.639180085288885,40.03105926513672,22423800,0.0,0.0
2020-02-19 00:00:00-05:00,40.252553898901695,40.337743189258674,40.02253891522211,40.116249084472656,15602500,0.0,0.0
2020-02-20 00:00:00-05:00,40.0395717224728,40.388852962827265,39.76696213242846,40.329219818115234,15965500,0.0,0.0
2020-02-21 00:00:00-05:00,40.448489705690974,40.763693962888674,40.124764570054914,40.63591003417969,21729100,0.0,0.0
2020-02-24 00:00:00-05:00,39.68178074491112,39.996985036747674,39.409167850895145,39.51991653442383,23075900,0.0,0.0
2020-02-25 00:00:00-05:00,39.434735398499406,39.75845738692709,38.30169868971057,38.43800354003906,31110100,0.0,0.0
2020-02-26 00:00:00-05:00,38.74468058068654,38.88950627595063,37.59460889663427,37.603126525878906,27372600,0.0,0.0
2020-02-27 00:00:00-05:00,36.90455759802567,37.75646336575436,36.14636198470915,36.18043899536133,41180000,0.0,0.0
2020-02-28 00:00:00-05:00,35.19222932206394,35.66929448417185,33.86325512098614,34.800350189208984,71703000,0.0,0.0
2020-03-02 00:00:00-05:00,34.911098949677815,36.01857582880152,33.616201756478695,36.00153732299805,44231200,0.0,0.0
2020-03-03 00:00:00-05:00,35.831166458785205,36.54676760738371,34.10179512064351,34.527748107910156,45091000,0.0,0.0
2020-03-04 00:00:00-05:00,34.9366558293348,35.2944579593206,34.042155379014446,35.26890182495117,33881500,0.0,0.0
2020-03-05 00:00:00-05:00,34.07623628057421,34.08475390974857,32.85801057356263,33.13914108276367,45037900,0.0,0.0
2020-03-06 00:00:00-05:00,31.52051538832826,32.09981160679748,30.949740047939276,31.597187042236328,56766500,0.0,0.0
2020-03-09 00:00:00-04:00,28.726269510757962,29.373716599184586,27.44841059301625,27.669904708862305,53277200,0.0,0.0
2020-03-10 00:00:00-04:00,29.501493267163898,29.884851455688477,27.499513060318705,29.884851455688477,40078700,0.0,0.0
2020-03-11 00:00:00-04:00,29.00738992735641,29.19481023092235,27.269501430006354,27.5421142578125,44769500,0.0,0.0
2020-03-12 00:00:00-04:00,25.395320188561254,26.28982256153484,23.103693967295733,23.171846389770508,68447600,0.0,0.0
2020-03-13 00:00:00-04:00,25.684958579038597,27.056527385417326,23.65742356623992,26.31536865234375,78365700,0.0,0.0
2020-03-16 00:00:00-04:00,22.439197605495828,24.901204705283646,22.40512059552168,22.575502395629883,57466700,0.0,0.0
2020-03-17 00:00:00-04:00,23.53815477523282,26.085354356255344,22.055838989295143,25.241966247558594,58112800,0.0,0.0
2020-03-18 00:00:00-04:00,23.597792588745953,24.611559375768643,22.916266936884423,23.95559310913086,51904100,0.0,0.0
2020-03-19 00:00:00-04:00,23.563716477251013,24.798980651444406,22.39660633324681,24.100418090820312,53123500,0.0,0.0
2020-03-20 00:00:00-04:00,24.432657192307985,24.492290334881478,22.302892815361773,22.575502395629883,73915800,0.0,0.0
2020-03-23 00:00:00-04:00,22.371049084145945,22.890712202066442,21.391357626085917,21.510623931884766,47064100,0.0,0.0
2020-03-24 00:00:00-04:00,22.967379287432795,24.850091925727938,22.430679355405555,24.637115478515625,48630300,0.0,0.0
2020-03-25 00:00:00-04:00,24.705270056409983,25.81274702967577,23.657426233644152,24.679712295532227,53341100,0.0,0.0
2020-03-26 00:00:00-04:00,24.986400559454637,26.74132629904513,24.773424079532628,26.32389259338379,45494700,0.0,0.0
2020-03-27 00:00:00-04:00,25.574213894969613,26.656134709702908,24.773421944509863,25.79570960998535,38942800,0.0,0.0
2020-03-30 00:00:00-04:00,25.86386611002231,25.966093917835828,24.611563277693918,25.48902702331543,41232800,0.0,0.0
2020-03-31 00:00:00-04:00,25.054551796610983,25.344199925752967,23.98966944678943,24.44969940185547,36920300,0.0,0.0
2020-04-01 00:00:00-04:00,23.018497769646373,23.31666515912624,22.31993519279051,22.63513946533203,48497400,0.0,0.0
2020-04-02 00:00:00-04:00,22.549947705712793,23.45296909429427,22.473276047722262,23.18887710571289,33113500,0.0,0.0
2020-04-03 00:00:00-04:00,23.001459343514295,23.308145988056584,22.072881780767084,22.345491409301758,32735800,0.0,0.0
2020-04-06 00:00:00-04:00,23.350737841404587,24.56044414205767,23.342218588421236,24.39006233215332,36056100,0.0,0.0
2020-04-07 00:00:00-04:00,26.1961018388909,26.221659596373904,24.45821332719708,24.509328842163086,39229900,0.0,0.0
2020-04-08 00:00:00-04:00,24.9949176595256,25.9660898043103,24.43265993097852,25.79570960998535,42213700,0.0,0.0
2020-04-09 00:00:00-04:00,26.511309667387156,28.88812604536997,26.49427116112228,28.283273696899414,62462000,0.0,0.0
2020-04-13 00:00:00-04:00,28.30031639025133,28.317354899037085,26.758365467654674,26.77540397644043,36068900,0.0,0.0
2020-04-14 00:00:00-04:00,27.354696374329095,27.686939123853286,25.182335560451765,25.71051788330078,64267100,0.0,0.0
2020-04-15 00:00:00-04:00,24.509337473663805,24.79898566095207,24.040788170753096,24.228208541870117,41883900,0.0,0.0
2020-04-16 00:00:00-04:00,24.09189547238326,24.09189547238326,22.71180742654334,22.907745361328125,52962100,0.0,0.0
2020-04-17 00:00:00-04:00,23.981149824429323,24.517851430424255,23.682982446085635,24.177087783813477,46985000,0.0,0.0
2020-04-20 00:00:00-04:00,23.282585964833803,24.6115585873106,22.933304709085935,23.580753326416016,45441600,0.0,0.0
2020-04-21 00:00:00-04:00,22.916266253287194,23.214433615527128,22.575504249962158,22.86515235900879,41918700,0.0,0.0
2020-04-22 00:00:00-04:00,23.42741431556287,23.495566728576513,22.745890185426447,22.831079483032227,28043300,0.0,0.0
2020-04-23 00:00:00-04:00,22.95886135893837,23.180355431244525,22.50735071180067,22.60106086730957,38331500,0.0,0.0
2020-04-24 00:00:00-04:00,22.83107632254666,23.248511622461933,22.46475816885849,22.933305740356445,35135900,0.0,0.0
2020-04-27 00:00:00-04:00,23.316664972979854,24.34747032209111,23.137763890767552,24.202646255493164,39606100,0.0,0.0
2020-04-28 00:00:00-04:00,25.216417264636537,25.489026917516657,24.3559920321826,24.594526290893555,35188000,0.0,0.0
2020-04-29 00:00:00-04:00,25.642361762455888,25.949046707951737,25.259003549484625,25.557170867919922,38515200,0.0,0.0
2020-04-30 00:00:00-04:00,24.977876809065542,25.224930261246747,24.364505242259046,24.747861862182617,29506100,0.0,0.0
2020-05-01 00:00:00-04:00,24.27931589301869,24.304873652600225,23.239991376590634,23.50408172607422,35197600,0.0,0.0
2020-05-04 00:00:00-04:00,22.967381009250314,23.384816306976298,22.660696007192346,23.299625396728516,34343900,0.0,0.0
2020-05-05 00:00:00-04:00,23.44444874444852,23.682981336037987,22.362527954397557,22.422161102294922,56753400,0.0,0.0
2020-05-06 00:00:00-04:00,22.541425097556512,22.703287643102435,21.63840546823946,21.817306518554688,57732900,0.0,0.0
2020-05-07 00:00:00-04:00,22.243221639995106,22.686521681410685,21.852074057011723,21.9303035736084,52387000,0.51,0.0
2020-05-08 00:00:00-04:00,22.28668331102761,22.408374599778828,21.93030511389971,22.104148864746094,53725300,0.0,0.0
2020-05-11 00:00:00-04:00,21.826002744067438,21.930307680464864,21.382702619635694,21.539161682128906,51444200,0.0,0.0
2020-05-12 00:00:00-04:00,21.695621385435363,21.965079425122184,20.86117517425581,20.895944595336914,53560500,0.0,0.0
2020-05-13 00:00:00-04:00,20.817709552325855,20.817709552325855,19.122738854349766,19.583423614501953,90209900,0.0,0.0
2020-05-14 00:00:00-04:00,19.23573993896456,21.374011114869568,19.140127353115982,20.913326263427734,87965500,0.0,0.0
2020-05-15 00:00:00-04:00,20.591717400454154,20.713407050217235,20.06149537009135,20.30487632751465,51616700,0.0,0.0
2020-05-18 00:00:00-04:00,21.339237600642075,22.24322242064244,21.156703160774782,22.086763381958008,55684400,0.0,0.0
2020-05-19 00:00:00-04:00,21.73038843492135,21.860770433951462,20.791635720848628,20.817712783813477,48234300,0.0,0.0
2020-05-20 00:00:00-04:00,21.287088601353418,21.50439248865743,21.17409130943005,21.31316566467285,45297100,0.0,0.0
2020-05-21 00:00:00-04:00,21.20016820355168,21.60000824637476,21.139323376097497,21.26101303100586,28376500,0.0,0.0
2020-05-22 00:00:00-04:00,21.243628337574282,21.287088451570447,20.791635857267003,21.008939743041992,30415300,0.0,0.0
2020-05-26 00:00:00-04:00,21.773849852424483,23.0429054751199,21.765159155479544,22.82560157775879,57720300,0.0,0.0
2020-05-27 00:00:00-04:00,24.16418918456043,24.56402915925499,23.32974313668871,24.294572830200195,61963000,0.0,0.0
2020-05-28 00:00:00-04:00,24.616177064629174,24.65963882442698,23.573119697931013,23.6600399017334,51490200,0.0,0.0
2020-05-29 00:00:00-04:00,23.03421381457991,23.529666450233737,22.677835544797436,23.008136749267578,51336900,0.0,0.0
2020-06-01 00:00:00-04:00,23.129829264139182,23.981660213817666,22.921217704497348,23.54705238342285,34201700,0.0,0.0
2020-06-02 00:00:00-04:00,23.972962574501622,24.329340784246053,23.607892011117457,23.816503524780273,39058000,0.0,0.0
2020-06-03 00:00:00-04:00,24.677027293673774,25.372400682190076,24.633567182221434,25.05948257446289,50814000,0.0,0.0
2020-06-04 00:00:00-04:00,25.62447513707591,26.293771537750324,24.8943339105033,26.2676944732666,61839200,0.0,0.0
2020-06-05 00:00:00-04:00,29.457713021001272,29.457713021001272,27.34551907234401,27.52805519104004,107651200,0.0,0.0
2020-06-08 00:00:00-04:00,28.59719038555504,29.057873525151326,28.049583709189907,28.96225929260254,69051300,0.0,0.0
2020-06-09 00:00:00-04:00,28.197344293836306,28.753644893899715,27.388975424342657,28.362497329711914,51480400,0.0,0.0
2020-06-10 00:00:00-04:00,28.07565857586881,28.10173729429811,25.77223794820909,25.824390411376953,82090000,0.0,0.0
2020-06-11 00:00:00-04:00,23.642665580105575,24.71180039720452,23.20805776913229,23.286287307739258,75621300,0.0,0.0
2020-06-12 00:00:00-04:00,24.338033466911387,24.537952629637175,23.77304373586605,24.31195640563965,51301200,0.0,0.0
2020-06-15 00:00:00-04:00,23.3471292303846,24.67702790539834,23.08636358151544,24.52056884765625,48311400,0.0,0.0
2020-06-16 00:00:00-04:00,25.58100969139098,25.772236484074057,24.13811224850891,24.790023803710938,52985600,0.0,0.0
2020-06-17 00:00:00-04:00,24.772637934654863,24.81609803980258,23.773040595186735,23.859962463378906,38660800,0.0,0.0
2020-06-18 00:00:00-04:00,23.555740087247685,24.277188876917215,23.407973387778167,23.94688606262207,33670200,0.0,0.0
2020-06-19 00:00:00-04:00,24.33803275926517,24.38149286889081,23.47750965708164,23.990346908569336,71903000,0.0,0.0
2020-06-22 00:00:00-04:00,23.70350741153342,24.016423868501906,23.373204588531607,23.77304458618164,32808300,0.0,0.0
2020-06-23 00:00:00-04:00,24.146806926074408,24.59010702523472,23.63396965398093,23.668737411499023,47279100,0.0,0.0
2020-06-24 00:00:00-04:00,23.434048393502348,23.494894869342403,22.590909980196358,22.703908920288086,57380900,0.0,0.0
2020-06-25 00:00:00-04:00,22.56483282271592,23.82519591834135,22.503988005032763,23.790428161621094,45102200,0.0,0.0
2020-06-26 00:00:00-04:00,22.68652484582648,22.947288832256728,21.94769134041145,22.025920867919922,81172300,0.0,0.0
2020-06-29 00:00:00-04:00,22.24322434360915,22.512680679140203,21.956383300522038,22.338838577270508,43769200,0.0,0.0
2020-06-30 00:00:00-04:00,21.912921716756788,22.486605465674575,21.87815395924791,22.251916885375977,46610000,0.0,0.0
2020-07-01 00:00:00-04:00,22.364910105719336,22.564829234284737,21.669538502928077,21.808612823486328,37509300,0.0,0.0
2020-07-02 00:00:00-04:00,22.382299089726526,22.747369665467073,21.81730934719632,22.025920867919922,37013300,0.0,0.0
2020-07-06 00:00:00-04:00,22.443144461044664,22.616988228202764,21.713003291615887,22.15630340576172,46983100,0.0,0.0
2020-07-07 00:00:00-04:00,21.904234041542868,21.921617093746057,21.156708086197895,21.26101303100586,36920500,0.0,0.0
2020-07-08 00:00:00-04:00,21.243628444977652,21.53916186375756,20.922017962929957,21.33924102783203,38413400,0.0,0.0
2020-07-09 00:00:00-04:00,21.295782990386137,21.53916396426213,20.60910184510954,20.895944595336914,38118900,0.0,0.0
2020-07-10 00:00:00-04:00,21.017630803511025,22.191072046034762,20.99155374198046,22.138917922973633,56483300,0.0,0.0
2020-07-13 00:00:00-04:00,22.443141566562854,22.634370017353525,21.678232737090624,22.086763381958008,51038800,0.0,0.0
2020-07-14 00:00:00-04:00,20.79164054659336,21.200171347147034,20.278803127867764,21.078481674194336,118952600,0.0,0.0
2020-07-15 00:00:00-04:00,21.71300407944566,22.208456678557,21.591314432757848,22.03461456298828,61714300,0.0,0.0
2020-07-16 00:00:00-04:00,21.65216013305456,22.67783479067097,21.573930597616215,22.13022804260254,48676800,0.0,0.0
2020-07-17 00:00:00-04:00,22.156309158007506,22.286691188277494,21.60870396771457,21.686933517456055,39184100,0.0,0.0
2020-07-20 00:00:00-04:00,21.487008515889794,21.62608287589707,21.208859795875245,21.356626510620117,38682200,0.0,0.0
2020-07-21 00:00:00-04:00,21.513087487021657,22.842988037607842,21.478318064989306,22.77345085144043,58395200,0.0,0.0
2020-07-22 00:00:00-04:00,22.712602622708598,22.90383111344056,22.443146254192026,22.82560157775879,41030500,0.0,0.0
2020-07-23 00:00:00-04:00,22.73867815947545,23.04290392692021,22.338839810985867,22.90382957458496,50791000,0.0,0.0
2020-07-24 00:00:00-04:00,23.008136055751482,23.338438908162786,22.773449106603326,22.82560157775879,39357000,0.0,0.0
2020-07-27 00:00:00-04:00,22.616988228202764,22.616988228202764,21.947691879910217,22.15630340576172,34761000,0.0,0.0
2020-07-28 00:00:00-04:00,22.017228699638554,22.338839166318255,22.017228699638554,22.191072463989258,30505200,0.0,0.0
2020-07-29 00:00:00-04:00,22.12153187268627,22.443140631789635,21.730384292266766,22.40837287902832,31442100,0.0,0.0
2020-07-30 00:00:00-04:00,21.895541856037198,21.93900197372751,21.295782616107044,21.426164627075195,51019200,0.0,0.0
2020-07-31 00:00:00-04:00,21.29577925608215,21.434853600224805,20.930708688233434,21.087167739868164,45537900,0.0,0.0
2020-08-03 00:00:00-04:00,21.078479403462406,21.295783314838307,20.77425359595669,21.113248825073242,27863700,0.0,0.0
2020-08-04 00:00:00-04:00,21.035015631750934,21.11324515889399,20.88724893135817,21.052398681640625,28106900,0.0,0.0
2020-08-05 00:00:00-04:00,21.2088623046875,21.513088124901945,21.156709827989904,21.2088623046875,32935400,0.0,0.0
2020-08-06 00:00:00-04:00,21.12157758684321,21.383414651380495,21.05175425865197,21.1564884185791,44670300,0.1,0.0
2020-08-07 00:00:00-04:00,21.06048350279598,22.01182751564397,20.94702120375231,21.880908966064453,46272400,0.0,0.0
2020-08-10 00:00:00-04:00,22.011824663787685,22.238750897194087,21.139032226710494,21.557973861694336,50602600,0.0,0.0
2020-08-11 00:00:00-04:00,22.072921220291075,22.81479344952944,21.994369768888518,22.099103927612305,55000100,0.0,0.0
2020-08-12 00:00:00-04:00,22.675148591348147,22.814795257190635,21.575429849298896,21.98564338684082,42868500,0.0,0.0
2020-08-13 00:00:00-04:00,21.77617362047754,22.020554455950194,21.540519245083548,21.837268829345703,27387800,0.0,0.0
2020-08-14 00:00:00-04:00,21.636527066272443,22.247480822868074,21.505606858333753,22.081649780273438,26743400,0.0,0.0
2020-08-17 00:00:00-04:00,21.846001974897458,21.942008040303612,21.331054146490015,21.357236862182617,36661700,0.0,0.0
2020-08-18 00:00:00-04:00,21.31359209107901,21.339776464363894,20.95574731311648,20.981931686401367,29680700,0.0,0.0
2020-08-19 00:00:00-04:00,20.955750585752885,21.287411042225575,20.807375776739367,21.00811767578125,33667800,0.0,0.0
2020-08-20 00:00:00-04:00,20.720094583012735,20.894653755916423,20.59790416081194,20.728822708129883,36022100,0.0,0.0
2020-08-21 00:00:00-04:00,20.632814407348633,20.868468784623126,20.528080238373036,20.632814407348633,27198000,0.0,0.0
2020-08-24 00:00:00-04:00,20.772459929916824,21.392143443597075,20.606630560733237,21.37468719482422,36906700,0.0,0.0
2020-08-25 00:00:00-04:00,21.592885813176032,21.72380435258222,21.208856654827613,21.47942352294922,35077300,0.0,0.0
2020-08-26 00:00:00-04:00,21.39214354621415,21.4532387524927,20.981931686401367,20.981931686401367,28348200,0.0,0.0
2020-08-27 00:00:00-04:00,20.938291641171794,21.627798507529434,20.92083539183423,21.46196746826172,36706600,0.0,0.0
2020-08-28 00:00:00-04:00,21.60161291468899,21.619069163041612,21.252496271233866,21.549245834350586,25797300,0.0,0.0
2020-08-31 00:00:00-04:00,21.374689590705657,21.392145841435177,21.025572899713755,21.077939987182617,27615500,0.0,0.0
2020-09-01 00:00:00-04:00,20.96448081316336,21.24377420760591,20.720098260666152,20.990663528442383,30508800,0.0,0.0
2020-09-02 00:00:00-04:00,20.95574621684661,21.52306095725142,20.88592288979247,21.444509506225586,40334000,0.0,0.0
2020-09-03 00:00:00-04:00,21.645254026601968,22.13401904083697,21.20885776264048,21.4008731842041,42349300,0.0,0.0
2020-09-04 00:00:00-04:00,21.819813650737473,21.985644700604585,21.165219241215347,21.63652801513672,48745000,0.0,0.0
2020-09-08 00:00:00-04:00,21.191402366902814,21.427055075243658,20.72009362078198,20.920835494995117,49082900,0.0,0.0
2020-09-09 00:00:00-04:00,20.955745915472498,21.008112993830128,20.685180735118756,20.807371139526367,49427900,0.0,0.0
2020-09-10 00:00:00-04:00,20.97320468209216,21.531791357579458,20.824829888325898,20.90338134765625,54211700,0.0,0.0
2020-09-11 00:00:00-04:00,20.87719857937557,21.226315278418024,20.69391127192845,21.182676315307617,34861100,0.0,0.0
2020-09-14 00:00:00-04:00,21.278684857507844,21.793632673133796,21.147766288134452,21.65398597717285,49787100,0.0,0.0
2020-09-15 00:00:00-04:00,21.78489977923384,21.854724776654045,21.43578311573065,21.715076446533203,41954800,0.0,0.0
2020-09-16 00:00:00-04:00,21.70635089499076,22.692605718752198,21.601615059196803,22.439495086669922,51768200,0.0,0.0
2020-09-17 00:00:00-04:00,22.020555247343307,22.195114420142588,21.732533777528243,21.915821075439453,51531300,0.0,0.0
2020-09-18 00:00:00-04:00,21.76744584312342,22.16892960193374,21.73253334337316,21.93327522277832,115153200,0.0,0.0
2020-09-21 00:00:00-04:00,21.339776464363894,21.400871670642445,20.702636698854462,20.981931686401367,56188400,0.0,0.0
2020-09-22 00:00:00-04:00,20.929565829056667,21.261227944238172,20.53681016388246,20.641544342041016,39839500,0.0,0.0
2020-09-23 00:00:00-04:00,20.755009299332013,21.0604853874473,19.92585563659668,19.92585563659668,45697700,0.0,0.0
2020-09-24 00:00:00-04:00,20.039319262218232,20.70264190303757,19.690202520923826,20.353525161743164,43329100,0.0,0.0
2020-09-25 00:00:00-04:00,20.178963567255046,20.69390961670433,20.08295585842775,20.632814407348633,30229900,0.0,0.0
2020-09-28 00:00:00-04:00,20.938291783123564,21.182674281347545,20.737549908539354,20.7899169921875,41103500,0.0,0.0
2020-09-29 00:00:00-04:00,20.70263497763995,20.70263497763995,20.135320254723357,20.301151275634766,38416300,0.0,0.0
2020-09-30 00:00:00-04:00,20.388433416633543,20.833557793232124,20.29242570852809,20.519351959228516,43071500,0.0,0.0
2020-10-01 00:00:00-04:00,20.57171831309109,20.781188306751435,20.213873532498056,20.562990188598633,38879800,0.0,0.0
2020-10-02 00:00:00-04:00,20.205143887340498,21.02556921597024,20.14404868521094,20.938289642333984,26238600,0.0,0.0
2020-10-05 00:00:00-04:00,21.139033455415106,21.470695533025168,21.139033455415106,21.33977699279785,22607500,0.0,0.0
2020-10-06 00:00:00-04:00,21.540520343052965,21.819813691954838,20.981933645249217,21.104124069213867,30991300,0.0,0.0
2020-10-07 00:00:00-04:00,21.313597363858044,21.758721831503525,21.287412984095393,21.65398597717285,34647300,0.0,0.0
2020-10-08 00:00:00-04:00,21.715076860428223,22.107834154805094,21.531791232865412,22.081649780273438,26483400,0.0,0.0
2020-10-09 00:00:00-04:00,22.16020123914881,22.264937072555842,21.828540818679137,22.081649780273438,28211300,0.0,0.0
2020-10-12 00:00:00-04:00,21.9943691448426,22.46567617516612,21.950728526013037,22.41330909729004,25855600,0.0,0.0
2020-10-13 00:00:00-04:00,22.186389049298917,22.25621239414273,21.557978945704622,21.5928897857666,29939600,0.0,0.0
2020-10-14 00:00:00-04:00,21.182675875606947,21.322322552325204,20.274970812218577,20.29242706298828,75388100,0.0,0.0
2020-10-15 00:00:00-04:00,20.126596107632203,20.15278048391363,19.856030878269607,20.030590057373047,60328600,0.0,0.0
2020-10-16 00:00:00-04:00,20.08295059852397,20.274964301168865,19.733834018842725,19.9520320892334,43141200,0.0,0.0
2020-10-19 00:00:00-04:00,19.97821693582702,19.995673182863847,19.64655656572406,19.672740936279297,37423600,0.0,0.0
2020-10-20 00:00:00-04:00,19.838578138203896,20.187694893473477,19.80366729503694,19.908401489257812,34751200,0.0,0.0
2020-10-21 00:00:00-04:00,19.91712545345888,20.030589415657005,19.72511169437237,19.81239128112793,29528300,0.0,0.0
2020-10-22 00:00:00-04:00,19.77747931831982,20.353522275962558,19.733840356115252,20.29242706298828,32238300,0.0,0.0
2020-10-23 00:00:00-04:00,20.580446311968295,20.589174436407475,20.178962576083016,20.3186092376709,24558300,0.0,0.0
2020-10-26 00:00:00-04:00,20.048044001232395,20.09168462697,19.72511169437237,19.81239128112793,34034100,0.0,0.0
2020-10-27 00:00:00-04:00,19.73384334637658,19.73384334637658,19.044336318969727,19.044336318969727,49636500,0.0,0.0
2020-10-28 00:00:00-04:00,18.52938725691395,18.747585415845258,18.154086157196925,18.485748291015625,54835900,0.0,0.0
2020-10-29 00:00:00-04:00,18.37228470956561,18.660306218934043,18.11917570543935,18.450836181640625,46184000,0.0,0.0
2020-10-30 00:00:00-04:00,18.4159253596513,18.73012958354769,18.188999069508426,18.721403121948242,34592400,0.0,0.0
2020-11-02 00:00:00-05:00,18.939599209927643,19.183980061204327,18.494474804748364,19.11415672302246,38401200,0.0,0.0
2020-11-03 00:00:00-05:00,19.471997241951843,19.63782825780584,19.192703950862587,19.279983520507812,38427000,0.0,0.0
2020-11-04 00:00:00-05:00,18.983230782829782,19.690192014827627,18.477011361876414,19.09669303894043,47203200,0.0,0.0
2020-11-05 00:00:00-05:00,19.193148927946105,19.789373116716956,19.166846001735255,19.578941345214844,38319700,0.1,0.0
2020-11-06 00:00:00-05:00,19.727995847533986,19.789371567037133,19.14930810312869,19.210683822631836,29502900,0.0,0.0
2020-11-09 00:00:00-05:00,21.069502739942905,21.806014808639546,20.429437525515326,21.236093521118164,102118900,0.0,0.0
2020-11-10 00:00:00-05:00,21.35884724133709,21.367615441489548,20.920447267893312,21.20979118347168,49029100,0.0,0.0
2020-11-11 00:00:00-05:00,21.24486231171833,21.51667149935496,21.051966925453808,21.20979118347168,38309200,0.0,0.0
2020-11-12 00:00:00-05:00,20.964282484817257,21.174714230117218,20.65740222911875,20.876602172851562,34505900,0.0,0.0
2020-11-13 00:00:00-05:00,20.964278768763624,21.201015067399112,20.8064545696733,21.10456657409668,30056100,0.0,0.0
2020-11-16 00:00:00-05:00,21.911227563480214,21.94630035943438,21.38514733070837,21.83231544494629,36954800,0.0,0.0
2020-11-17 00:00:00-05:00,21.507896736409556,22.05151160108102,21.499128538932574,21.95506477355957,29490400,0.0,0.0
2020-11-18 00:00:00-05:00,22.05151687539138,22.752957790057376,21.972604751586914,21.972604751586914,44318300,0.0,0.0
2020-11-19 00:00:00-05:00,22.086583426188884,22.98968598615333,21.89368643484689,22.93707847595215,44560000,0.0,0.0
2020-11-20 00:00:00-05:00,22.831867550625365,22.99845830820224,22.32332206213944,22.340858459472656,38469100,0.0,0.0
2020-11-23 00:00:00-05:00,22.75295682371284,23.18258855042181,22.68281290246164,23.05983543395996,40691400,0.0,0.0
2020-11-24 00:00:00-05:00,24.07692210064902,25.190458266302237,23.97170705944444,25.085243225097656,80523400,0.0,0.0
2020-11-25 00:00:00-05:00,24.83973890720944,25.155387378499626,24.550395032647753,25.067707061767578,38875500,0.0,0.0
2020-11-27 00:00:00-05:00,25.067708828966843,25.102779954714308,24.70822101014928,24.953723907470703,20281400,0.0,0.0
2020-11-30 00:00:00-05:00,24.92742213898766,25.04140539341461,23.919102559562255,23.980478286743164,48211000,0.0,0.0
2020-12-01 00:00:00-05:00,24.681914666022603,25.146619173944043,24.585467822765658,24.603002548217773,41924200,0.0,0.0
2020-12-02 00:00:00-05:00,24.541632213539394,25.418432228338357,24.4188807466238,25.313217163085938,35508000,0.0,0.0
2020-12-03 00:00:00-05:00,25.374584748019647,25.856823932352594,25.24306512250728,25.567480087280273,41264600,0.0,0.0
2020-12-04 00:00:00-05:00,25.865599756272466,26.277695150338573,25.725311891383438,25.909439086914062,47168800,0.0,0.0
2020-12-07 00:00:00-05:00,25.795449472424526,25.97957662261902,25.48856921640418,25.725305557250977,31713000,0.0,0.0
2020-12-08 00:00:00-05:00,25.45349821934779,25.690232888988263,24.901113421340014,25.37458610534668,32209500,0.0,0.0
2020-12-09 00:00:00-05:00,25.637625523797084,25.637625523797084,25.085242394848006,25.471033096313477,35276000,0.0,0.0
2020-12-10 00:00:00-05:00,25.1816923694051,25.918204414615552,25.02386979317121,25.856828689575195,31730200,0.0,0.0
2020-12-11 00:00:00-05:00,25.44473172658416,25.769146730458214,25.137851448492473,25.497339248657227,29779100,0.0,0.0
2020-12-14 00:00:00-05:00,25.900668682449805,26.111100448290678,24.997564224065098,25.111547470092773,28378000,0.0,0.0
2020-12-15 00:00:00-05:00,25.541174858797035,26.102327811333847,25.339511326529813,26.0672550201416,38866200,0.0,0.0
2020-12-16 00:00:00-05:00,25.988349796095246,26.225086182261258,25.84806193889239,25.99711799621582,35204800,0.0,0.0
2020-12-17 00:00:00-05:00,26.128634498486953,26.216314816742877,25.812987694073787,25.839290618896484,42870500,0.0,0.0
2020-12-18 00:00:00-05:00,25.83928591149566,25.970807201100484,25.251830060275534,25.435958862304688,53716400,0.0,0.0
2020-12-21 00:00:00-05:00,25.926975488116007,26.20755121789406,25.286911895514415,25.909439086914062,52731600,0.0,0.0
2020-12-22 00:00:00-05:00,25.9971107139238,26.05848642521213,25.383351928677765,25.392118453979492,25655900,0.0,0.0
2020-12-23 00:00:00-05:00,25.672700500826092,26.733627528608178,25.663932301543223,26.610876083374023,38383700,0.0,0.0
2020-12-24 00:00:00-05:00,26.558268335736035,26.637178783889386,26.0058834921216,26.163707733154297,14443700,0.0,0.0
2020-12-28 00:00:00-05:00,26.374138197717762,26.724857786976727,26.22508216323734,26.242618560791016,21658500,0.0,0.0
2020-12-29 00:00:00-05:00,26.435516171105935,26.453052570155045,26.084796551939032,26.111101150512695,19584400,0.0,0.0
2020-12-30 00:00:00-05:00,26.128636231371534,26.339069678087156,25.997116581446583,26.084796905517578,18519300,0.0,0.0
2020-12-31 00:00:00-05:00,26.084788866367543,26.51442048230656,26.014644963201224,26.46181297302246,21081200,0.0,0.0
2021-01-04 00:00:00-05:00,26.58456952641673,26.689786237694374,25.777913647831078,26.04095458984375,31421600,0.0,0.0
2021-01-05 00:00:00-05:00,26.382905369301596,27.13695371112241,26.146169028632805,26.76869773864746,37360000,0.0,0.0
2021-01-06 00:00:00-05:00,27.969915192559526,28.934395372791858,27.873468345190403,28.662586212158203,73507500,0.0,0.0
2021-01-07 00:00:00-05:00,29.442937929579067,29.98655285133308,29.214968115964815,29.311416625976562,50634100,0.0,0.0
2021-01-08 00:00:00-05:00,29.469244165364298,29.50431696289797,28.645050146953373,29.10098648071289,32324700,0.0,0.0
2021-01-11 00:00:00-05:00,28.61874687394267,29.425404483799802,28.338171186529586,29.14482879638672,33739300,0.0,0.0
2021-01-12 00:00:00-05:00,29.811197991450538,30.267134362098705,29.513085877746978,29.758588790893555,59146400,0.0,0.0
2021-01-13 00:00:00-05:00,29.653366321338776,30.0391569947989,29.48677557831121,29.63582992553711,35734800,0.0,0.0
2021-01-14 00:00:00-05:00,29.872567851388688,30.77567054281805,29.819958661166574,30.468791961669922,55856900,0.0,0.0
2021-01-15 00:00:00-05:00,29.004539228216753,29.372793541779625,27.89976959807649,28.092666625976562,91993100,0.0,0.0
2021-01-19 00:00:00-05:00,28.41708259498553,28.969467429044368,28.303097679605717,28.6099796295166,43806800,0.0,0.0
2021-01-20 00:00:00-05:00,28.74149792477465,28.785340592921337,28.320634399429082,28.460922241210938,29949800,0.0,0.0
2021-01-21 00:00:00-05:00,28.3381680483094,28.434616557312893,27.987448477882367,28.057592391967773,28240600,0.0,0.0
2021-01-22 00:00:00-05:00,27.47890605946689,28.11020299022868,27.312313628031095,27.969913482666016,24476100,0.0,0.0
2021-01-25 00:00:00-05:00,27.95237810996122,28.364473431923297,27.724411623676136,28.268028259277344,28515500,0.0,0.0
2021-01-26 00:00:00-05:00,28.487229013332506,28.52229846585183,27.496444231870218,27.513978958129883,28026500,0.0,0.0
2021-01-27 00:00:00-05:00,27.110650477834266,27.207098993106943,26.233850658593006,26.45305061340332,45074900,0.0,0.0
2021-01-28 00:00:00-05:00,26.768699237432767,27.224633875064463,26.57580220577806,27.014202117919922,28770200,0.0,0.0
2021-01-29 00:00:00-05:00,26.97912917325603,27.347385141489294,26.146168727473245,26.198776245117188,39500800,0.0,0.0
2021-02-01 00:00:00-05:00,26.42674477566953,26.49688869102007,26.023417680494617,26.295225143432617,23713400,0.0,0.0
2021-02-02 00:00:00-05:00,26.707322774650397,27.347387939654514,26.637178853160453,26.96159553527832,25302900,0.0,0.0
2021-02-03 00:00:00-05:00,26.93529239617491,27.855933296993058,26.838845544130354,27.794557571411133,28507800,0.0,0.0
2021-02-04 00:00:00-05:00,28.032039050296707,28.894019949166086,27.970467428269103,28.72690200805664,30825400,0.1,0.0
2021-02-05 00:00:00-05:00,29.02595616683395,29.193074100488907,28.594963220141455,28.638944625854492,24908100,0.0,0.0
2021-02-08 00:00:00-05:00,28.832448086325027,29.527312675504856,27.06450499854772,29.37778663635254,29223800,0.0,0.0
2021-02-09 00:00:00-05:00,29.210672056433204,29.386587649878443,28.94680034392078,29.254650115966797,23539800,0.0,0.0
2021-02-10 00:00:00-05:00,29.448153563136874,29.632863401016873,29.1051200484139,29.201873779296875,22687000,0.0,0.0
2021-02-11 00:00:00-05:00,29.20187369667651,29.32501358824811,28.471825260487158,28.779678344726562,22393200,0.0,0.0
2021-02-12 00:00:00-05:00,28.71811089277044,29.57129593931007,28.71811089277044,29.49213409423828,34473100,0.0,0.0
2021-02-16 00:00:00-05:00,29.96710053979976,30.7235350858972,29.905530598169516,30.60039520263672,36468200,0.0,0.0
2021-02-17 00:00:00-05:00,30.204589222301696,32.94006652280769,29.931919912546352,32.183631896972656,80157700,0.0,0.0
2021-02-18 00:00:00-05:00,32.051688465632495,32.86089862147105,31.823000608403504,32.50906753540039,43334700,0.0,0.0
2021-02-19 00:00:00-05:00,32.65860064314451,33.29189197280832,32.57064118394795,33.2743034362793,39023000,0.0,0.0
2021-02-22 00:00:00-05:00,33.133566969285134,33.35346057546933,32.63220981560999,32.77294158935547,34690000,0.0,0.0
2021-02-23 00:00:00-05:00,33.06320574331708,33.22152942247985,32.192425507921854,32.667396545410156,36792500,0.0,0.0
2021-02-24 00:00:00-05:00,32.75534930319428,33.7228797175028,32.66738985760547,33.67890167236328,42764300,0.0,0.0
2021-02-25 00:00:00-05:00,34.02194588786576,34.02194588786576,32.80813199711636,33.03682327270508,37233100,0.0,0.0
2021-02-26 00:00:00-05:00,32.63221551810021,32.90488484532931,31.603114871871394,31.814210891723633,39468000,0.0,0.0
2021-03-01 00:00:00-05:00,32.64100879249628,32.91367472807399,32.31556718133403,32.623416900634766,28066100,0.0,0.0
2021-03-02 00:00:00-05:00,32.67619416942501,32.940065849592806,32.535462382981486,32.667396545410156,19701200,0.0,0.0
2021-03-03 00:00:00-05:00,32.85210195388994,34.00434560672198,32.85210195388994,33.15115737915039,35365100,0.0,0.0
2021-03-04 00:00:00-05:00,33.089589552349366,33.42382877963256,31.981327232308576,32.68498611450195,42932500,0.0,0.0
2021-03-05 00:00:00-05:00,33.30948162124208,33.52937522145814,31.96373386161901,32.92247009277344,34558300,0.0,0.0
2021-03-08 00:00:00-05:00,33.53817398943364,34.197854812603325,33.22152665746256,34.01314163208008,38255200,0.0,0.0
2021-03-09 00:00:00-05:00,33.573361739805335,34.127494691624676,32.96645645802,33.53818130493164,35854100,0.0,0.0
2021-03-10 00:00:00-05:00,34.02193836200151,34.91910466059136,33.67010725675878,34.81355667114258,38437200,0.0,0.0
2021-03-11 00:00:00-05:00,34.49691621012932,34.82235786626901,33.960375177786936,34.19786071777344,30598700,0.0,0.0
2021-03-12 00:00:00-05:00,34.74318847028067,35.20056755657727,34.67282090839964,35.15658950805664,28754000,0.0,0.0
2021-03-15 00:00:00-04:00,35.24454712928389,35.385278903822005,34.45292880043814,34.919105529785156,25892200,0.0,0.0
2021-03-16 00:00:00-04:00,34.628843721962895,34.73439506741213,34.05712236634169,34.61125183105469,24668300,0.0,0.0
2021-03-17 00:00:00-04:00,34.901519787581506,35.56999499558346,34.488118659093665,35.04225158691406,33537000,0.0,0.0
2021-03-18 00:00:00-04:00,35.31492007019339,36.53752817673137,35.31492007019339,35.89543914794922,57420600,0.0,0.0
2021-03-19 00:00:00-04:00,35.130206091953504,35.24455172220118,34.496914701659286,34.857540130615234,60291800,0.0,0.0
2021-03-22 00:00:00-04:00,34.54968160458036,34.57607111837931,33.969162630654665,34.277015686035156,32206000,0.0,0.0
2021-03-23 00:00:00-04:00,33.86361754589083,34.347382839770056,33.467808358058605,33.63492965698242,32494400,0.0,0.0
2021-03-24 00:00:00-04:00,33.740480165995464,34.32099923291016,33.52058652920489,33.529380798339844,24201700,0.0,0.0
2021-03-25 00:00:00-04:00,33.397443700602786,34.62005167708987,33.23032240389915,34.56727600097656,28773000,0.0,0.0
2021-03-26 00:00:00-04:00,35.09501746296234,35.38527525002771,34.45292524291596,34.97187423706055,29156100,0.0,0.0
2021-03-29 00:00:00-04:00,33.93398001940113,34.61124931594609,33.335869193225705,33.81083679199219,38426900,0.0,0.0
2021-03-30 00:00:00-04:00,33.89880162480978,35.253347143682724,33.83723167898013,34.64643859863281,36134200,0.0,0.0
2021-03-31 00:00:00-04:00,34.54089437846186,34.85754176612127,34.23304126032152,34.3649787902832,25832800,0.0,0.0
2021-04-01 00:00:00-04:00,34.26822344116394,34.87513202413877,34.233039654116865,34.857540130615234,22706900,0.0,0.0
2021-04-05 00:00:00-04:00,35.20937424062886,35.47324933542738,34.58487700760295,34.725608825683594,21293400,0.0,0.0
2021-04-06 00:00:00-04:00,34.67282336577315,35.09502205636182,34.53209158734701,35.05104064941406,20969600,0.0,0.0
2021-04-07 00:00:00-04:00,35.04225678653767,35.262150465329874,34.857546901626925,35.1741943359375,19393200,0.0,0.0
2021-04-08 00:00:00-04:00,35.06863785965425,35.35889908404131,34.59367013250117,35.20936965942383,20845000,0.0,0.0
2021-04-09 00:00:00-04:00,35.482040411387395,35.87784966263621,35.40287856113763,35.622772216796875,28363600,0.0,0.0
2021-04-12 00:00:00-04:00,35.58758686609557,35.96580420566944,35.534814538450405,35.86025619506836,21093000,0.0,0.0
2021-04-13 00:00:00-04:00,35.622769063659135,35.631563332770284,34.91911009889589,34.99827194213867,29333200,0.0,0.0
2021-04-14 00:00:00-04:00,34.919107961076364,37.10045229595134,34.356180823729325,36.93333435058594,64926900,0.0,0.0
2021-04-15 00:00:00-04:00,37.030081707914135,37.17081348078026,36.088937347751276,37.15322494506836,44146300,0.0,0.0
2021-04-16 00:00:00-04:00,37.53144666049409,38.815628129577036,37.452288167404674,38.560550689697266,57060200,0.0,0.0
2021-04-19 00:00:00-04:00,38.35824810252437,39.053112828387874,38.15594635106615,38.595733642578125,39124200,0.0,0.0
2021-04-20 00:00:00-04:00,38.17352969310771,38.17352969310771,37.24997390359397,37.41709518432617,29734000,0.0,0.0
2021-04-21 00:00:00-04:00,37.15322436166076,38.138346756254506,36.73982331740987,38.032798767089844,27258000,0.0,0.0
2021-04-22 00:00:00-04:00,38.050390369895595,38.27908161271637,37.54023891838294,37.557830810546875,24638300,0.0,0.0
2021-04-23 00:00:00-04:00,37.5666170412117,38.859592318477496,37.49625284292146,38.578128814697266,28024200,0.0,0.0
2021-04-26 00:00:00-04:00,38.81562665960402,39.29939200136908,38.69248675682499,38.82442092895508,24606600,0.0,0.0
2021-04-27 00:00:00-04:00,39.044316028707854,39.77436455859503,38.877198062313475,39.66001892089844,29130200,0.0,0.0
2021-04-28 00:00:00-04:00,39.71278071706865,40.17015639728588,39.51927329868544,39.65121078491211,20795100,0.0,0.0
2021-04-29 00:00:00-04:00,40.12618923652947,40.80346202924856,40.03823312539632,40.67152786254883,26880700,0.0,0.0
2021-04-30 00:00:00-04:00,40.2845130549471,40.47802052645701,39.45771419948667,39.62483215332031,34176500,0.0,0.0
2021-05-03 00:00:00-04:00,39.976669406120166,40.152585011110034,39.642430092170535,40.003055572509766,16522700,0.0,0.0
2021-05-04 00:00:00-04:00,39.809532782838076,40.319687505855214,39.29058379283884,40.23173141479492,26137600,0.0,0.0
2021-05-05 00:00:00-04:00,40.39885191165511,40.636337399066356,39.99424849842557,40.40764617919922,19620200,0.0,0.0
2021-05-06 00:00:00-04:00,40.645661266396516,41.156925690512644,40.28424910641824,41.10403823852539,34271500,0.1,0.0
2021-05-07 00:00:00-04:00,40.48698493366539,41.095214060993925,40.15201655967597,41.024696350097656,25140400,0.0,0.0
2021-05-10 00:00:00-04:00,41.28914700281055,41.73870711383476,41.06877367409415,41.07758712768555,28193100,0.0,0.0
2021-05-11 00:00:00-04:00,40.56632339422485,41.32440819500122,40.116759913471334,40.301876068115234,31478500,0.0,0.0
2021-05-12 00:00:00-04:00,41.28033294108564,41.57122398213828,40.09031496597009,40.231353759765625,33392900,0.0,0.0
2021-05-13 00:00:00-04:00,40.09912463688972,41.2450650526147,39.94045560181385,40.901283264160156,23553400,0.0,0.0
2021-05-14 00:00:00-04:00,41.07759361174889,41.52715715636645,40.963001883821846,41.39493179321289,17078500,0.0,0.0
2021-05-17 00:00:00-04:00,41.35966343482225,42.29404753010516,41.253885181860234,42.22352981567383,25212800,0.0,0.0
2021-05-18 00:00:00-04:00,42.22352792435777,42.42627096788269,41.280330418005796,41.3067741394043,24126000,0.0,0.0
2021-05-19 00:00:00-04:00,40.49580049558218,40.830768887016916,39.9933495897451,40.698543548583984,28911100,0.0,0.0
2021-05-20 00:00:00-04:00,40.61039587391603,40.70736067448779,39.90520190970792,40.31068801879883,26107000,0.0,0.0
2021-05-21 00:00:00-04:00,40.52224758596369,40.813138622870824,40.354761708910154,40.44291305541992,27312700,0.0,0.0
2021-05-24 00:00:00-04:00,40.54869402309393,40.998254151183964,40.33713413993787,40.76025390625,25707400,0.0,0.0
2021-05-25 00:00:00-04:00,40.89248004315059,41.44782185052329,40.583958684960535,40.62803268432617,29415300,0.0,0.0
2021-05-26 00:00:00-04:00,40.64564944513465,41.07757920301824,40.196086058209865,40.901283264160156,26170600,0.0,0.0
2021-05-27 00:00:00-04:00,41.42136669416683,41.76514850204303,40.8219510528233,41.21862030029297,42572900,0.0,0.0
2021-05-28 00:00:00-04:00,41.297956567211344,41.32440365075518,40.79550569406612,41.18336486816406,15760100,0.0,0.0
2021-06-01 00:00:00-04:00,41.57122624712193,41.79159958459874,41.24507464919271,41.65937423706055,17878600,0.0,0.0
2021-06-02 00:00:00-04:00,41.76515771939605,41.83567544196012,41.059963680603275,41.2627067565918,18492600,0.0,0.0
2021-06-03 00:00:00-04:00,41.15692091165979,41.43018504484281,40.85721305555359,40.95417785644531,20206400,0.0,0.0
2021-06-04 00:00:00-04:00,41.48308315619215,41.51834033875319,40.998259066382886,41.39493179321289,18190300,0.0,0.0
2021-06-07 00:00:00-04:00,41.51834001229005,41.58886110211895,41.23626237823576,41.527156829833984,16644300,0.0,0.0
2021-06-08 00:00:00-04:00,41.200997962604454,41.43899819241646,40.81313876190032,41.086402893066406,21271700,0.0,0.0
2021-06-09 00:00:00-04:00,40.76026094544012,40.84840895044376,40.222549372077744,40.478179931640625,22617500,0.0,0.0
2021-06-10 00:00:00-04:00,40.962998049072255,41.121667124950456,39.676015171101234,39.74653625488281,21640000,0.0,0.0
2021-06-11 00:00:00-04:00,39.825866369796906,40.27542645977051,39.825866369796906,40.2666130065918,19389300,0.0,0.0
2021-06-14 00:00:00-04:00,40.20491317596461,40.44291678957113,39.52616287700462,39.7994270324707,25452300,0.0,0.0
2021-06-15 00:00:00-04:00,39.84349845964913,40.301875386379436,39.66719912434822,40.07268524169922,23865400,0.0,0.0
2021-06-16 00:00:00-04:00,39.62312610499653,40.513432894333455,39.067784362070604,40.16965103149414,38287700,0.0,0.0
2021-06-17 00:00:00-04:00,40.3635728167284,40.51342504065809,37.60449826981207,37.719093322753906,48910400,0.0,0.0
2021-06-18 00:00:00-04:00,36.74064101388784,37.29598273443752,36.555528227914635,36.802345275878906,61292200,0.0,0.0
2021-06-21 00:00:00-04:00,37.28716840600241,38.17747858149415,37.225464139894704,38.151031494140625,26444700,0.0,0.0
2021-06-22 00:00:00-04:00,38.26561963375678,38.671105698262174,37.78079904683687,38.38021469116211,26455200,0.0,0.0
2021-06-23 00:00:00-04:00,38.34496019125553,39.058971005363716,38.34496019125553,38.75044631958008,18778500,0.0,0.0
2021-06-24 00:00:00-04:00,39.01489113224053,40.03742320355741,38.970817140722474,39.82586669921875,27951000,0.0,0.0
2021-06-25 00:00:00-04:00,40.16964484571389,41.12165911555631,39.86112357083701,40.8836555480957,49074700,0.0,0.0
2021-06-28 00:00:00-04:00,40.54869158135735,40.61039584301423,39.74653281718788,40.36357879638672,27127500,0.0,0.0
2021-06-29 00:00:00-04:00,40.58394889853278,40.883656729630296,39.3145965020587,39.48208236694336,39534000,0.0,0.0
2021-06-30 00:00:00-04:00,39.332230227597094,40.0109804742376,39.1823779801904,39.92283248901367,18168100,0.0,0.0
2021-07-01 00:00:00-04:00,40.090314490882136,40.2313532830063,39.640754391808244,40.02861022949219,18658000,0.0,0.0
2021-07-02 00:00:00-04:00,39.93165545794713,40.02862028237761,39.52616924908411,39.728912353515625,13218500,0.0,0.0
2021-07-06 00:00:00-04:00,39.42920110380282,39.5085356477795,38.16866521763463,38.336151123046875,25486900,0.0,0.0
2021-07-07 00:00:00-04:00,38.15102381705471,38.75925626433722,38.009985042528115,38.256805419921875,21884000,0.0,0.0
2021-07-08 00:00:00-04:00,37.533988279207634,37.86013987562569,36.99627680023474,37.3047981262207,29148700,0.0,0.0
2021-07-09 00:00:00-04:00,38.06287783998908,38.88266681073661,37.77198346079423,38.70636749267578,25055900,0.0,0.0
2021-07-12 00:00:00-04:00,38.151020059506585,39.0060694373382,37.868942538235615,38.926734924316406,17618900,0.0,0.0
2021-07-13 00:00:00-04:00,38.600593960254045,38.90030182876464,37.91302687212374,38.106956481933594,25387800,0.0,0.0
2021-07-14 00:00:00-04:00,38.43310523656942,39.78179222659543,37.47227743752369,39.62312316894531,49618000,0.0,0.0
2021-07-15 00:00:00-04:00,39.3057860655626,40.01098002736819,39.111856465079796,39.667198181152344,33388100,0.0,0.0
2021-07-16 00:00:00-04:00,40.02860861486677,40.134386864035626,38.88266805475273,39.03252029418945,27838200,0.0,0.0
2021-07-19 00:00:00-04:00,37.64858009100254,38.16866130089618,37.27835449885635,37.94828796386719,43362200,0.0,0.0
2021-07-20 00:00:00-04:00,37.90421332630966,39.79942533767723,37.78961825146111,39.526161193847656,34556200,0.0,0.0
2021-07-21 00:00:00-04:00,39.922834435004155,40.68091925035016,39.85231335328348,40.37239456176758,29654600,0.0,0.0
2021-07-22 00:00:00-04:00,40.407656319380884,40.50462112835149,39.49090240518837,39.69364547729492,23309500,0.0,0.0
2021-07-23 00:00:00-04:00,39.75534237508296,40.11675445621536,39.1559267240395,39.305782318115234,23946500,0.0,0.0
2021-07-26 00:00:00-04:00,39.20000632728911,39.87875654064191,39.20000632728911,39.67601013183594,22976700,0.0,0.0
2021-07-27 00:00:00-04:00,39.305775500045115,40.002155821289534,39.02369799114621,39.79059600830078,22124500,0.0,0.0
2021-07-28 00:00:00-04:00,40.002160933683925,40.58394629047044,39.64956232118257,40.11675262451172,23252800,0.0,0.0
2021-07-29 00:00:00-04:00,40.45172566991745,41.17454988315829,40.26661289003064,40.989437103271484,24487400,0.0,0.0
2021-07-30 00:00:00-04:00,40.77787375725269,41.297954877268424,40.31068343953048,40.49579620361328,25794000,0.0,0.0
2021-08-02 00:00:00-04:00,40.58395212019845,41.26270236105417,40.16964919539078,40.36357879638672,23960700,0.0,0.0
2021-08-03 00:00:00-04:00,40.5310556297664,41.377288267536315,39.764157511951765,41.28032684326172,24050300,0.0,0.0
2021-08-04 00:00:00-04:00,40.786690258967056,41.40373616379936,40.58394722901052,40.680912017822266,22178000,0.0,0.0
2021-08-05 00:00:00-04:00,40.76944925074101,41.61051349687579,40.73403523722106,41.601661682128906,28092600,0.2,0.0
2021-08-06 00:00:00-04:00,42.05317044203322,43.37231348505385,42.00890462228419,43.17753982543945,33583900,0.0,0.0
2021-08-09 00:00:00-04:00,43.08016376594018,43.68218852138045,42.75259256518387,43.071311950683594,29795200,0.0,0.0
2021-08-10 00:00:00-04:00,43.14213213035952,43.992048152038244,43.106718118473054,43.93893051147461,28708100,0.0,0.0
2021-08-11 00:00:00-04:00,43.93891858363935,44.912780005286294,43.531664312032035,44.850807189941406,29203900,0.0,0.0
2021-08-12 00:00:00-04:00,44.939355863943476,45.37316911316905,44.76229253994913,45.284637451171875,21729900,0.0,0.0
2021-08-13 00:00:00-04:00,45.33775163597065,45.514818323712554,44.42586275340916,44.59407424926758,15843300,0.0,0.0
2021-08-16 00:00:00-04:00,44.20452789662661,44.248793721900874,43.32804969622579,43.74415588378906,22615500,0.0,0.0
2021-08-17 00:00:00-04:00,43.274935666616585,43.70874551866337,42.522403065117,43.124427795410156,16887000,0.0,0.0
2021-08-18 00:00:00-04:00,42.814573777777014,43.36347761723729,42.40732265099252,42.469295501708984,16319300,0.0,0.0
2021-08-19 00:00:00-04:00,41.920379805570796,42.45157990360721,41.4600111154455,41.83184814453125,20259400,0.0,0.0
2021-08-20 00:00:00-04:00,41.72559866495692,42.008903959600275,41.4688521862909,41.98234176635742,15357400,0.0,0.0
2021-08-23 00:00:00-04:00,42.27450794732593,42.486988635571294,42.0089096199687,42.15056228637695,15551900,0.0,0.0
2021-08-24 00:00:00-04:00,42.27450808864107,42.82341175064968,42.239094077604136,42.81455993652344,15109100,0.0,0.0
2021-08-25 00:00:00-04:00,43.044743708023695,43.93007370912732,42.911946234217716,43.637916564941406,21357400,0.0,0.0
2021-08-26 00:00:00-04:00,43.850399794578635,44.151412170686925,43.283789057731596,43.42544174194336,21627600,0.0,0.0
2021-08-27 00:00:00-04:00,43.57594841263136,44.13370394156649,43.48741337665779,44.09829330444336,16873300,0.0,0.0
2021-08-30 00:00:00-04:00,44.05401984715181,44.09828904950031,42.80570466713514,42.85882568359375,16054100,0.0,0.0
2021-08-31 00:00:00-04:00,42.858830908130535,43.3723239980279,40.025773853038594,40.45958709716797,73514300,0.0,0.0
2021-09-01 00:00:00-04:00,40.45958289192309,40.698622404382036,38.308230657058616,38.46759033203125,84960500,0.0,0.0
2021-09-02 00:00:00-04:00,38.67122412812157,39.73362106340844,38.54727843817034,39.45916748046875,37629000,0.0,0.0
2021-09-03 00:00:00-04:00,39.38833112266362,39.39718293620292,38.79515829755833,39.10502243041992,21687500,0.0,0.0
2021-09-07 00:00:00-04:00,39.23783283376224,39.80444360175978,39.17585999209167,39.228981018066406,19733500,0.0,0.0
2021-09-08 00:00:00-04:00,39.06076437909782,39.43260478977291,38.62695450678771,38.795166015625,21252400,0.0,0.0
2021-09-09 00:00:00-04:00,38.82172271766587,39.59196232009934,38.742042875250895,39.27324295043945,19776900,0.0,0.0
2021-09-10 00:00:00-04:00,39.83984683040234,40.061179312793456,39.122728371639454,39.24667739868164,23367400,0.0,0.0
2021-09-13 00:00:00-04:00,39.45029840458525,40.55696069107453,39.45029840458525,40.512691497802734,28027200,0.0,0.0
2021-09-14 00:00:00-04:00,40.74288088198227,41.5573827384823,40.51269322530849,40.769439697265625,36053200,0.0,0.0
2021-09-15 00:00:00-04:00,40.610093017459654,41.51313017534459,40.592386009195266,41.29179763793945,31535600,0.0,0.0
2021-09-16 00:00:00-04:00,41.521975227647694,41.84954635737353,40.73402875001319,40.97306823730469,24102400,0.0,0.0
2021-09-17 00:00:00-04:00,40.49499822212021,41.33605907298147,40.49499822212021,41.14128875732422,34912100,0.0,0.0
2021-09-20 00:00:00-04:00,39.86641273922059,40.61009014743482,39.698201238496594,40.55697250366211,30603100,0.0,0.0
2021-09-21 00:00:00-04:00,40.70747437321355,41.04390073024048,40.48614186571852,40.59238052368164,23049100,0.0,0.0
2021-09-22 00:00:00-04:00,41.158990646358426,42.22138387899269,41.14128364217909,41.68133544921875,29430700,0.0,0.0
2021-09-23 00:00:00-04:00,42.01776282873485,42.64634634570654,41.75216449256178,42.31877517700195,21852800,0.0,0.0
2021-09-24 00:00:00-04:00,42.30106882885887,43.00048038089649,42.25680300168591,42.42501449584961,20384700,0.0,0.0
2021-09-27 00:00:00-04:00,42.83227463908683,43.328057373633186,40.86684057780212,42.10630416870117,48927500,0.0,0.0
2021-09-28 00:00:00-04:00,41.61936398078996,41.63707098698374,39.90182490718719,40.654354095458984,49349100,0.0,0.0
2021-09-29 00:00:00-04:00,41.12357627978621,41.74330791160174,40.66320430693083,41.63706588745117,21730200,0.0,0.0
2021-09-30 00:00:00-04:00,41.73444803039188,41.74330322004203,40.831411190199184,41.088157653808594,22947500,0.0,0.0
2021-10-01 00:00:00-04:00,41.212109621219454,41.88496229284216,41.1589919842206,41.62821578979492,18021700,0.0,0.0
2021-10-04 00:00:00-04:00,41.62821578979492,42.22138525138768,41.31834827248299,41.62821578979492,22315200,0.0,0.0
2021-10-05 00:00:00-04:00,42.0531715597292,42.894235666376915,41.92037071968695,42.46042251586914,20250500,0.0,0.0
2021-10-06 00:00:00-04:00,42.12401318295996,42.57553010588556,41.663641066629246,42.38075637817383,17425700,0.0,0.0
2021-10-07 00:00:00-04:00,42.72602067519053,43.01818117139599,42.0885854260193,42.283355712890625,19272300,0.0,0.0
2021-10-08 00:00:00-04:00,42.3807405202521,42.79684664565987,42.194822055512,42.49583435058594,14295400,0.0,0.0
2021-10-11 00:00:00-04:00,42.67291540438067,42.90309976546886,41.80529223217655,41.8584098815918,15387900,0.0,0.0
2021-10-12 00:00:00-04:00,41.86726228812129,42.079739626173705,41.185557688775845,41.30065155029297,18995700,0.0,0.0
2021-10-13 00:00:00-04:00,41.22981163334776,41.22981163334776,40.03461766388107,40.769439697265625,24150300,0.0,0.0
2021-10-14 00:00:00-04:00,41.32720474544152,41.51312323523627,39.68934559336522,40.11430358886719,53257700,0.0,0.0
2021-10-15 00:00:00-04:00,40.47729362344956,43.15099095520944,40.46843843109932,42.832271575927734,60096600,0.0,0.0
2021-10-18 00:00:00-04:00,42.664052983908896,44.00975503648486,42.61978715780605,43.761863708496094,33842700,0.0,0.0
2021-10-19 00:00:00-04:00,43.94777707263881,44.57636051079027,43.629057758289996,44.567508697509766,26500300,0.0,0.0
2021-10-20 00:00:00-04:00,44.434716170708874,44.61178286483726,44.0097581311605,44.40815734863281,24227900,0.0,0.0
2021-10-21 00:00:00-04:00,44.22223226872474,44.797694717552986,44.05401741452746,44.558658599853516,20448300,0.0,0.0
2021-10-22 00:00:00-04:00,44.744568560388046,45.258058084283576,44.700302746179574,44.850807189941406,21517200,0.0,0.0
2021-10-25 00:00:00-04:00,45.054434816229985,45.25806027324968,44.726863722525714,44.81539535522461,19330300,0.0,0.0
2021-10-26 00:00:00-04:00,44.912792364449125,45.24036353245146,44.58522119644679,44.82426071166992,18196300,0.0,0.0
2021-10-27 00:00:00-04:00,44.496686626560034,45.142980532142886,44.22223647374666,44.310768127441406,21988300,0.0,0.0
2021-10-28 00:00:00-04:00,44.60292751954617,45.50596454858526,44.576365322306245,45.470550537109375,26785500,0.0,0.0
2021-10-29 00:00:00-04:00,45.37316357110246,45.718441738890725,45.16953807156748,45.29348373413086,19788500,0.0,0.0
2021-11-01 00:00:00-04:00,45.647617104491225,46.03716109796594,45.39087058782411,45.78041458129883,18699000,0.0,0.0
2021-11-02 00:00:00-04:00,45.62990774308322,45.789267408837965,45.34660242113386,45.41742706298828,21672500,0.0,0.0
2021-11-03 00:00:00-04:00,45.1872429956963,46.54179678454966,45.16953599082206,46.03715896606445,24225700,0.0,0.0
2021-11-04 00:00:00-04:00,45.81497383648999,45.94828743659253,44.357427178088,44.98843765258789,32005700,0.2,0.0
2021-11-05 00:00:00-04:00,45.32616479296002,45.86830181626593,44.79291715151812,44.82846450805664,23443200,0.0,0.0
2021-11-08 00:00:00-05:00,44.92622930312028,45.65500269331161,44.92622930312028,45.210628509521484,19509500,0.0,0.0
2021-11-09 00:00:00-05:00,44.8817900312302,44.935116150787294,43.73530388804619,44.33965301513672,28324800,0.0,0.0
2021-11-10 00:00:00-05:00,44.20633940058347,45.12174901223002,44.15301328512915,44.757362365722656,19827800,0.0,0.0
2021-11-11 00:00:00-05:00,44.81068395722238,45.24617207998491,44.632937024149115,44.96177291870117,16069700,0.0,0.0
2021-11-12 00:00:00-05:00,45.04176662879785,45.3261658294444,44.76625341991267,45.29061508178711,17124700,0.0,0.0
2021-11-15 00:00:00-05:00,45.49502585652079,45.94828940403298,45.308389520630286,45.39726638793945,20110200,0.0,0.0
2021-11-16 00:00:00-05:00,45.423921968771545,45.486134072813066,44.58849647397622,44.7662467956543,19244900,0.0,0.0
2021-11-17 00:00:00-05:00,44.8106955782265,45.05065806847272,44.01970999388138,44.295223236083984,17802700,0.0,0.0
2021-11-18 00:00:00-05:00,44.10858260742673,44.597393533475504,43.78863265137853,44.34854507446289,19198200,0.0,0.0
2021-11-19 00:00:00-05:00,43.548673568335985,43.76197468571156,42.45551339376348,43.38869857788086,30548400,0.0,0.0
2021-11-22 00:00:00-05:00,44.997331349277985,45.42393016408844,44.19745645256714,44.739593505859375,28549400,0.0,0.0
2021-11-23 00:00:00-05:00,45.06842502260251,45.983838067733586,45.05953903142707,45.681663513183594,28024400,0.0,0.0
2021-11-24 00:00:00-05:00,45.77942006085106,45.9838351382258,45.4861349064666,45.6016731262207,18901900,0.0,0.0
2021-11-26 00:00:00-05:00,43.637535784598825,43.637535784598825,42.384400943257546,43.042076110839844,29919300,0.0,0.0
2021-11-29 00:00:00-05:00,44.144120832040635,44.23299768494615,42.935426145273226,43.690860748291016,27677000,0.0,0.0
2021-11-30 00:00:00-05:00,42.75768602951349,43.11318335502275,42.05557398044654,42.46439743041992,40671700,0.0,0.0
2021-12-01 00:00:00-05:00,43.273152685761055,43.94860327952149,41.93114426994841,41.95780563354492,29365100,0.0,0.0
2021-12-02 00:00:00-05:00,42.419961741788576,43.904173368317956,42.22443600420471,43.468685150146484,29184900,0.0,0.0
2021-12-03 00:00:00-05:00,43.779741181170685,43.779741181170685,42.100007382332755,42.4377326965332,29221900,0.0,0.0
2021-12-06 00:00:00-05:00,43.530895932890616,44.348546218359964,43.29093345966503,43.37981033325195,31650100,0.0,0.0
2021-12-07 00:00:00-05:00,43.95748737708675,44.89956173714799,43.85083853698912,44.65959930419922,28370200,0.0,0.0
2021-12-08 00:00:00-05:00,44.59739204974504,44.712930283431,43.83306793357096,43.913055419921875,19990300,0.0,0.0
2021-12-09 00:00:00-05:00,43.5664436264597,44.46407794973573,43.317595178483344,44.161903381347656,16927200,0.0,0.0
2021-12-10 00:00:00-05:00,44.69515701526545,44.9706668443261,44.064146476719166,44.615169525146484,20040900,0.0,0.0
2021-12-13 00:00:00-05:00,44.34854235622184,44.40186508542426,43.04208124587016,43.15761947631836,19598900,0.0,0.0
2021-12-14 00:00:00-05:00,43.20205640135272,43.98415587266746,43.193167019576606,43.450904846191406,17602900,0.0,0.0
2021-12-15 00:00:00-05:00,43.56644756965362,43.78863467268716,42.77546202530319,43.49534606933594,20284300,0.0,0.0
2021-12-16 00:00:00-05:00,44.18855694439023,45.166178505513656,43.82417035630187,44.70402908325195,32781100,0.0,0.0
2021-12-17 00:00:00-05:00,44.17079583359465,44.19745720050086,42.5443846461949,42.61548614501953,74833400,0.0,0.0
2021-12-20 00:00:00-05:00,41.824495245073585,41.9222547079415,41.10460791831841,41.637855529785156,29134900,0.0,0.0
2021-12-21 00:00:00-05:00,42.295536431685726,42.78434737293193,42.07334933200053,42.49106216430664,21249400,0.0,0.0
2021-12-22 00:00:00-05:00,42.428842430529606,42.94431464629931,42.3221902008072,42.68657684326172,15688000,0.0,0.0
2021-12-23 00:00:00-05:00,43.0154167716008,43.486452260467566,42.855441814946886,42.97986602783203,16025600,0.0,0.0
2021-12-27 00:00:00-05:00,43.14873543069572,43.3886979126996,42.73102597562781,43.344261169433594,11900400,0.0,0.0
2021-12-28 00:00:00-05:00,43.157615466837,43.71752441327972,42.97986514196237,43.03318786621094,14320500,0.0,0.0
2021-12-29 00:00:00-05:00,43.193158974459834,43.42423539331778,42.988747305657895,43.05984878540039,14390700,0.0,0.0
2021-12-30 00:00:00-05:00,43.09540541663775,43.46867806539869,42.69546801417559,42.7487907409668,13701300,0.0,0.0
2021-12-31 00:00:00-05:00,42.686583805354786,42.97987239946794,42.51772283287833,42.642147064208984,12649300,0.0,0.0
2022-01-03 00:00:00-05:00,43.48645445707082,45.157302205240356,43.47756507552684,45.08620071411133,38978100,0.0,0.0
2022-01-04 00:00:00-05:00,45.841639641719816,47.23697422281342,45.78831352239504,46.881473541259766,43855100,0.0,0.0
2022-01-05 00:00:00-05:00,47.03255759894603,47.2280833064777,46.21491080436928,46.47264862060547,35072600,0.0,0.0
2022-01-06 00:00:00-05:00,47.23697164366419,47.699117758022595,46.801483502054,47.663570404052734,29720800,0.0,0.0
2022-01-07 00:00:00-05:00,47.867985524925494,49.05001903910523,47.81465940469485,48.6767463684082,35149300,0.0,0.0
2022-01-10 00:00:00-05:00,49.325536211368004,49.823236535992905,48.41901243632235,49.192222595214844,34733500,0.0,0.0
2022-01-11 00:00:00-05:00,49.37886037564386,49.885446672425616,49.08557178787234,49.82323455810547,25073700,0.0,0.0
2022-01-12 00:00:00-05:00,50.13429034897741,50.40091415496835,49.55660261074235,50.125404357910156,34159400,0.0,0.0
2022-01-13 00:00:00-05:00,50.30315657288936,50.81863225675261,49.55660780370168,49.7699089050293,34037300,0.0,0.0
2022-01-14 00:00:00-05:00,50.5253465411719,52.320618764236166,50.11652307986288,51.60073471069336,56739600,0.0,0.0
2022-01-18 00:00:00-05:00,51.29855363031841,51.6451649293926,50.22316559665279,50.383140563964844,41689600,0.0,0.0
2022-01-19 00:00:00-05:00,50.75641423823499,51.26300048087148,49.29886761799628,49.38774108886719,34970200,0.0,0.0
2022-01-20 00:00:00-05:00,49.52105292316568,50.10762662483374,48.80116562962993,48.88115310668945,26972800,0.0,0.0
2022-01-21 00:00:00-05:00,48.43678615689174,48.881160341817356,47.21920183948124,47.69912338256836,38357600,0.0,0.0
2022-01-24 00:00:00-05:00,46.86369986384082,47.53915050517174,45.486140606010665,47.3880615234375,48451400,0.0,0.0
2022-01-25 00:00:00-05:00,46.81037479550354,47.75244928368449,45.81497757517477,47.62802505493164,40858700,0.0,0.0
2022-01-26 00:00:00-05:00,47.91241723116719,48.810051457118696,47.485818485044206,48.11682891845703,39687100,0.0,0.0
2022-01-27 00:00:00-05:00,48.52565483249693,49.334415633361694,47.30807063565782,47.77910614013672,34209200,0.0,0.0
2022-01-28 00:00:00-05:00,47.645790332280065,48.18792726293627,46.899241727660986,48.16126251220703,35519700,0.0,0.0
2022-01-31 00:00:00-05:00,47.832438308071616,48.03685003191564,47.130326262929486,47.81466293334961,34657500,0.0,0.0
2022-02-01 00:00:00-05:00,48.63231348720636,49.601049377908446,47.98352756265265,49.41440963745117,35870200,0.0,0.0
2022-02-02 00:00:00-05:00,49.121117467911525,49.81434003612823,48.84560428270215,49.70769119262695,29037100,0.0,0.0
2022-02-03 00:00:00-05:00,49.85052850741931,50.25226159839306,48.85958801819335,49.25239181518555,25227400,0.25,0.0
2022-02-04 00:00:00-05:00,50.02908025702337,50.92181900505507,49.52021944308754,50.2879753112793,33622100,0.0,0.0
2022-02-07 00:00:00-05:00,50.35939599449289,51.68064902092003,49.91302659074609,51.18071746826172,37480100,0.0,0.0
2022-02-08 00:00:00-05:00,51.77884833153258,52.65373191191924,51.6002998975596,52.448402404785156,39099600,0.0,0.0
2022-02-09 00:00:00-05:00,52.40376836307643,53.01083102093164,52.08238184944388,52.725154876708984,25883100,0.0,0.0
2022-02-10 00:00:00-05:00,53.16259406373375,53.83214815371913,52.49303997374837,52.716224670410156,36092000,0.0,0.0
2022-02-11 00:00:00-05:00,52.24307736656442,53.77858926234154,51.69850612885145,52.05560302734375,38650500,0.0,0.0
2022-02-14 00:00:00-05:00,52.23413919169497,52.359125468790545,51.04679850627361,51.64493179321289,32680500,0.0,0.0
2022-02-15 00:00:00-05:00,52.77870092943474,52.95724931650427,51.859181333488436,52.11807632446289,18224600,0.0,0.0
2022-02-16 00:00:00-05:00,51.698505773344685,52.56446353264026,51.37711924801732,51.90383529663086,22057200,0.0,0.0
2022-02-17 00:00:00-05:00,51.02001215613949,51.35925037085599,49.779102646265244,50.12727355957031,24946500,0.0,0.0
2022-02-18 00:00:00-05:00,50.127279958056995,50.63614075061266,49.43094144809036,49.663055419921875,22137900,0.0,0.0
2022-02-22 00:00:00-05:00,49.60949243836671,50.10049807345589,48.83281067357007,49.3505973815918,26887800,0.0,0.0
2022-02-23 00:00:00-05:00,49.85945527924739,50.01122262987209,47.99363125080339,48.16325378417969,21860700,0.0,0.0
2022-02-24 00:00:00-05:00,46.2081641452641,47.16339790506521,45.24400790038953,47.05626678466797,40917600,0.0,0.0
2022-02-25 00:00:00-05:00,47.46691850457907,48.60069714489235,47.3955011742474,48.306095123291016,27493500,0.0,0.0
2022-02-28 00:00:00-05:00,46.984841086851404,47.67225032893,46.60988904320487,47.64546585083008,31094800,0.0,0.0
2022-03-01 00:00:00-05:00,46.8152143320883,47.06518347386284,44.64585910529577,44.89582824707031,54135500,0.0,0.0
2022-03-02 00:00:00-05:00,45.81535017711055,47.15445823779507,45.529674063273426,46.61881637573242,34894300,0.0,0.0
2022-03-03 00:00:00-05:00,46.7348717741689,46.92234949816084,45.476110284367174,45.743934631347656,24159700,0.0,0.0
2022-03-04 00:00:00-05:00,44.672644076446325,44.69049925859452,43.01214959746991,43.55672073364258,35871600,0.0,0.0
2022-03-07 00:00:00-05:00,43.36925303218924,43.36925303218924,40.860655749651606,40.896366119384766,56332500,0.0,0.0
2022-03-08 00:00:00-05:00,41.67303856310309,43.030001658180375,41.378433187320525,41.47663497924805,60018100,0.0,0.0
2022-03-09 00:00:00-05:00,43.55671921080211,44.41374749078509,43.16391202833083,43.88703155517578,34560200,0.0,0.0
2022-03-10 00:00:00-05:00,43.083562668070556,44.25305144188717,42.717539983979464,43.753116607666016,26178800,0.0,0.0
2022-03-11 00:00:00-05:00,44.34232548645062,44.6369308648116,43.235331508098724,43.27104187011719,23707100,0.0,0.0
2022-03-14 00:00:00-04:00,44.33341062694783,44.976183681064114,44.01202409988969,44.511959075927734,28166600,0.0,0.0
2022-03-15 00:00:00-04:00,44.779778012986135,45.199366338204285,44.03880658083367,44.73514175415039,25080600,0.0,0.0
2022-03-16 00:00:00-04:00,45.57431342004152,46.61881954935576,45.288637286756696,46.0653190612793,34672800,0.0,0.0
2022-03-17 00:00:00-04:00,45.54752812542547,45.967116397218646,44.84226374682396,45.958187103271484,29930300,0.0,0.0
2022-03-18 00:00:00-04:00,45.395764123368146,46.01175604105852,44.67264791464025,45.904624938964844,60963400,0.0,0.0
2022-03-21 00:00:00-04:00,46.11888768482436,46.24387057576921,45.18151259720959,45.6546630859375,23411500,0.0,0.0
2022-03-22 00:00:00-04:00,46.788435116955036,48.386438206809586,46.69023331509959,47.6633186340332,28625600,0.0,0.0
2022-03-23 00:00:00-04:00,47.10089757469014,47.359792643935144,45.618951303379355,45.63680648803711,27988700,0.0,0.0
2022-03-24 00:00:00-04:00,46.163521887144114,46.26172369865969,45.44933153820573,45.824283599853516,19677800,0.0,0.0
2022-03-25 00:00:00-04:00,45.949258952628306,46.949125277231,45.89569340816601,46.92234420776367,19130900,0.0,0.0
2022-03-28 00:00:00-04:00,46.44919255275591,46.520613281997036,45.33326919982191,46.25279235839844,24115400,0.0,0.0
2022-03-29 00:00:00-04:00,47.36872025061045,47.58297564781,45.99390173072216,46.0653190612793,20915000,0.0,0.0
2022-03-30 00:00:00-04:00,46.002829213832435,46.13674139586792,44.44946561096772,44.73514175415039,30913800,0.0,0.0
2022-03-31 00:00:00-04:00,44.4137491893965,45.0208117623169,43.235334407969304,43.262115478515625,31238500,0.0,0.0
2022-04-01 00:00:00-04:00,43.96738555164001,44.16378917585292,42.69969810033764,43.48530578613281,29989900,0.0,0.0
2022-04-04 00:00:00-04:00,43.25318959017612,43.44066389505595,42.503288965129016,43.262115478515625,23778300,0.0,0.0
2022-04-05 00:00:00-04:00,42.77111712457883,43.65493006296522,42.64613423351029,42.95859146118164,21757300,0.0,0.0
2022-04-06 00:00:00-04:00,42.574713120967715,42.922884121584545,42.31582145124059,42.75326156616211,26001200,0.0,0.0
2022-04-07 00:00:00-04:00,42.99430293083851,43.11928582510238,41.58377731703817,42.619354248046875,29486500,0.0,0.0
2022-04-08 00:00:00-04:00,42.85145969513578,43.6459966320986,42.78896825552262,43.50315856933594,23659800,0.0,0.0
2022-04-11 00:00:00-04:00,43.69063213591418,44.80655554626114,43.67277695268527,44.03880310058594,27041000,0.0,0.0
2022-04-12 00:00:00-04:00,44.351254849370044,44.54765843525248,42.85145369751482,43.226402282714844,25791900,0.0,0.0
2022-04-13 00:00:00-04:00,42.440799340172845,43.40495538176516,42.360452719579484,43.33353805541992,20645300,0.0,0.0
2022-04-14 00:00:00-04:00,40.96777806094282,42.690764010204546,40.20002224037714,41.37843704223633,65583200,0.0,0.0
2022-04-18 00:00:00-04:00,41.2623822534934,42.47650738476177,41.1998908192835,42.11048126220703,26120900,0.0,0.0
2022-04-19 00:00:00-04:00,42.30689592106133,43.02108635987028,42.25333376660606,42.699703216552734,19753300,0.0,0.0
2022-04-20 00:00:00-04:00,43.2799762562108,44.074513236733424,43.13713818561717,43.43174362182617,25893000,0.0,0.0
2022-04-21 00:00:00-04:00,43.878114452259915,44.18164578788321,42.49436655409207,42.655059814453125,19027600,0.0,0.0
2022-04-22 00:00:00-04:00,42.57470650884787,42.78003599699755,41.298089921437764,41.369510650634766,21676800,0.0,0.0
2022-04-25 00:00:00-04:00,40.85171643871822,41.039194131088706,39.75364838010234,40.91421127319336,30045500,0.0,0.0
2022-04-26 00:00:00-04:00,40.316080757947994,41.065981424530094,39.78043888418705,39.79829406738281,21527400,0.0,0.0
2022-04-27 00:00:00-04:00,39.646526712982826,40.34286182997764,39.405486848132014,39.79829406738281,19520900,0.0,0.0
2022-04-28 00:00:00-04:00,40.208947197392405,40.44998702707297,39.55724843071272,40.32500076293945,17431000,0.0,0.0
2022-04-29 00:00:00-04:00,40.20895296294305,40.530339448600664,38.84306039889822,38.950191497802734,27149400,0.0,0.0
2022-05-02 00:00:00-04:00,39.16445314813838,39.31622052642799,38.039603673967214,38.985904693603516,25009300,0.0,0.0
2022-05-03 00:00:00-04:00,39.191240662853794,39.85186556857033,38.97698181972514,39.4233512878418,21545300,0.0,0.0
2022-05-04 00:00:00-04:00,39.55725050650304,41.18203456469801,39.44119352933835,41.04812240600586,29468000,0.0,0.0
2022-05-05 00:00:00-04:00,40.39286312386729,40.44672150739147,39.001554078874285,40.177433013916016,29978600,0.25,0.0
2022-05-06 00:00:00-04:00,40.04279576626224,40.28515337754008,39.0643906351683,39.98893737792969,27035300,0.0,0.0
2022-05-09 00:00:00-04:00,39.468317251351635,39.979959920533624,38.80407753787834,39.4593391418457,27132700,0.0,0.0
2022-05-10 00:00:00-04:00,39.84531245742031,40.132550303824154,37.870549695285035,38.66943359375,25276100,0.0,0.0
2022-05-11 00:00:00-04:00,38.696362197654864,39.95302695619732,38.13983928207385,38.211647033691406,25291600,0.0,0.0
2022-05-12 00:00:00-04:00,37.90644777760508,38.06801946223829,36.73056572258441,37.529449462890625,30171700,0.0,0.0
2022-05-13 00:00:00-04:00,38.10392871372907,38.768164881988525,37.95133169725116,38.27447509765625,21253200,0.0,0.0
2022-05-16 00:00:00-04:00,38.0590576925214,38.30141187755556,37.430723530663855,37.88850784301758,16837400,0.0,0.0
2022-05-17 00:00:00-04:00,38.588652242674776,39.333674423759476,38.56172133732898,39.23493576049805,23340500,0.0,0.0
2022-05-18 00:00:00-04:00,38.857931185951195,38.875883978629226,37.60126309164962,37.79874038696289,27351300,0.0,0.0
2022-05-19 00:00:00-04:00,37.430719515482664,37.97826774887827,37.31402806636262,37.70000457763672,25211900,0.0,0.0
2022-05-20 00:00:00-04:00,38.15778976708399,38.40912546545437,36.569006834567126,37.40378952026367,35410400,0.0,0.0
2022-05-23 00:00:00-04:00,38.35527026198482,39.782485010930124,38.35527026198482,39.333675384521484,27979100,0.0,0.0
2022-05-24 00:00:00-04:00,39.216978642731284,39.288789816877966,38.27447923900014,38.857933044433594,23996000,0.0,0.0
2022-05-25 00:00:00-04:00,38.67840826081862,39.90814550418556,38.62454988058791,39.60295486450195,22343900,0.0,0.0
2022-05-26 00:00:00-04:00,40.240267102190785,41.07504973998741,40.16845592844966,40.93143081665039,23502500,0.0,0.0
2022-05-27 00:00:00-04:00,41.021195538803205,41.33536086933964,40.79679075294996,41.191741943359375,19482600,0.0,0.0
2022-05-31 00:00:00-04:00,40.69805363123931,41.532839739967464,40.392862974025306,41.08403015136719,40727400,0.0,0.0
2022-06-01 00:00:00-04:00,41.254578454515766,41.35331711639982,39.85429466531087,40.53648376464844,20417900,0.0,0.0
2022-06-02 00:00:00-04:00,40.50057665353678,40.77883983347676,39.95302840302499,40.68907928466797,14633300,0.0,0.0
2022-06-03 00:00:00-04:00,40.24025938758661,40.689068864990105,40.04278212180281,40.23128128051758,12572400,0.0,0.0
2022-06-06 00:00:00-04:00,40.69805333254845,41.191743191556384,40.356957088954886,40.50057601928711,11867200,0.0,0.0
2022-06-07 00:00:00-04:00,40.17743461083138,40.87757992789235,40.06074657810919,40.81474685668945,13281600,0.0,0.0
2022-06-08 00:00:00-04:00,40.28515770794145,40.45570415310857,39.70170375613133,40.060752868652344,12364400,0.0,0.0
2022-06-09 00:00:00-04:00,40.01587066688805,40.06075094776467,38.27448700604931,38.301414489746094,20142400,0.0,0.0
2022-06-10 00:00:00-04:00,36.82931713091129,37.19734089043393,35.92272318521018,35.97658157348633,27619300,0.0,0.0
2022-06-13 00:00:00-04:00,34.989194650835785,35.617528751345034,34.80069544792662,34.998172760009766,27553800,0.0,0.0
2022-06-14 00:00:00-04:00,34.80069888369369,35.27643599252166,33.220887079349254,33.5978889465332,36817600,0.0,0.0
2022-06-15 00:00:00-04:00,34.109529488001044,34.70195802108998,33.5081262695656,34.262123107910156,31358100,0.0,0.0
2022-06-16 00:00:00-04:00,33.53505777439921,33.86717595840651,32.79901021841227,33.79536819458008,37991500,0.0,0.0
2022-06-17 00:00:00-04:00,33.95693577790386,34.98022111196281,33.66071980007338,34.54038619995117,59114300,0.0,0.0
2022-06-21 00:00:00-04:00,35.77910047502299,35.850908227687995,34.89045599479421,34.998172760009766,24884700,0.0,0.0
2022-06-22 00:00:00-04:00,34.45959499736083,35.069976229113536,34.38778725346667,34.648094177246094,18631700,0.0,0.0
2022-06-23 00:00:00-04:00,34.163394352428405,34.432679477791524,33.346560865144134,34.019775390625,23143800,0.0,0.0
2022-06-24 00:00:00-04:00,34.71990992287933,36.89214668028367,34.56731288274975,36.58695602416992,39407700,0.0,0.0
2022-06-27 00:00:00-04:00,36.65876356270411,36.79340779509134,35.815002855626645,36.12019348144531,16996800,0.0,0.0
2022-06-28 00:00:00-04:00,36.77546142278042,37.305056912271546,35.97658084564792,36.066341400146484,18136600,0.0,0.0
2022-06-29 00:00:00-04:00,36.14712290331751,36.38050237131563,35.500836031714634,35.64445495605469,15778700,0.0,0.0
2022-06-30 00:00:00-04:00,35.06998370765028,35.644459477888134,34.36086368069919,35.15974426269531,20425700,0.0,0.0
2022-07-01 00:00:00-04:00,34.75581047858248,35.97657292625673,34.52242760962686,35.832950592041016,15333900,0.0,0.0
2022-07-05 00:00:00-04:00,35.007149941580906,36.012482519604,34.567315012613896,35.994529724121094,19144500,0.0,0.0
2022-07-06 00:00:00-04:00,35.55470563313494,35.93170414445038,34.935346044336235,35.45596694946289,17014100,0.0,0.0
2022-07-07 00:00:00-04:00,36.09325990868176,36.344595562256494,35.66240319073982,36.012474060058594,21060400,0.0,0.0
2022-07-08 00:00:00-04:00,36.1740547503739,36.53310381665949,35.77910351677628,36.066341400146484,14437500,0.0,0.0
2022-07-11 00:00:00-04:00,35.60855367239528,35.91374435151979,35.22258054870272,35.716270446777344,13111600,0.0,0.0
2022-07-12 00:00:00-04:00,35.07895640879216,36.326646421922575,35.01611992097462,35.54571533203125,15127300,0.0,0.0
2022-07-13 00:00:00-04:00,35.07896254621354,35.32131673469783,34.477555857654735,35.069984436035156,14116800,0.0,0.0
2022-07-14 00:00:00-04:00,34.19031177723731,34.782740248372825,33.5978833061018,34.773765563964844,24355300,0.0,0.0
2022-07-15 00:00:00-04:00,35.366201668805545,37.52946403744745,35.21360460777114,36.91908264160156,40328300,0.0,0.0
2022-07-18 00:00:00-04:00,37.63717057419248,38.40912357753448,36.820337298965654,36.972930908203125,17991300,0.0,0.0
2022-07-19 00:00:00-04:00,37.592290166511205,38.660455699750706,37.47559872071597,38.50786209106445,25724200,0.0,0.0
2022-07-20 00:00:00-04:00,38.18472646720392,38.62455801386297,38.023154716634416,38.34629821777344,19111200,0.0,0.0
2022-07-21 00:00:00-04:00,38.13086240172616,38.92974292503133,37.95133788067945,38.84895706176758,17809000,0.0,0.0
2022-07-22 00:00:00-04:00,38.750221252441406,39.07336472925008,38.319364424745075,38.750221252441406,15965400,0.0,0.0
2022-07-25 00:00:00-04:00,39.07335615619728,39.414452354005206,38.786118334089004,39.04642868041992,20297900,0.0,0.0
2022-07-26 00:00:00-04:00,38.69636128678697,39.20800391754536,38.42707623230548,38.50786209106445,15446700,0.0,0.0
2022-07-27 00:00:00-04:00,38.5796741328443,39.46831867805154,38.31936373409065,39.23493576049805,19498400,0.0,0.0
2022-07-28 00:00:00-04:00,39.09131681933032,39.342652532391476,38.337316528438116,38.884864807128906,14527300,0.0,0.0
2022-07-29 00:00:00-04:00,38.87588694637681,39.809408267883,38.87588694637681,39.3785514831543,17512700,0.0,0.0
2022-08-01 00:00:00-04:00,38.992572461317174,39.63885930887802,38.74124020910801,39.08233642578125,13668300,0.0,0.0
2022-08-02 00:00:00-04:00,39.03745835530866,39.082338627997046,38.471957331828,38.48991012573242,17764000,0.0,0.0
2022-08-03 00:00:00-04:00,38.9477014216295,40.006892484314385,38.82203526574247,39.39651107788086,17359500,0.0,0.0
2022-08-04 00:00:00-04:00,39.31516685977995,39.40554517462579,38.53790094034353,38.6553955078125,15062800,0.3,0.0
2022-08-05 00:00:00-04:00,38.48367462793606,40.038202990716634,38.43848202362649,39.55015182495117,16021000,0.0,0.0
2022-08-08 00:00:00-04:00,39.739948473868886,39.93878143580525,38.98075898432739,39.03498458862305,12879700,0.0,0.0
2022-08-09 00:00:00-04:00,39.06210114150251,39.57726507257579,38.854228278763415,39.22478485107422,10489500,0.0,0.0
2022-08-10 00:00:00-04:00,39.80322091714488,40.39972680237895,39.80322091714488,40.06532287597656,14037600,0.0,0.0
2022-08-11 00:00:00-04:00,40.670863198970565,41.2221798961905,40.57144498173919,40.896812438964844,14038800,0.0,0.0
2022-08-12 00:00:00-04:00,41.14083844644097,41.53850787166179,40.84258379174149,41.52043151855469,10706000,0.0,0.0
2022-08-15 00:00:00-04:00,41.04141801561463,41.411974615053545,40.5895195554349,41.34870910644531,11070300,0.0,0.0
2022-08-16 00:00:00-04:00,41.19506507072187,41.86387285759237,40.987188746133654,41.62888717651367,12234100,0.0,0.0
2022-08-17 00:00:00-04:00,41.32159410234731,41.85483439488081,41.167946841255564,41.70118713378906,13151700,0.0,0.0
2022-08-18 00:00:00-04:00,41.70118713378906,41.755416187299936,41.357743356976435,41.70118713378906,7885900,0.0,0.0
2022-08-19 00:00:00-04:00,41.48427746560039,41.59273212399679,40.70701161038479,40.987186431884766,13142900,0.0,0.0
2022-08-22 00:00:00-04:00,40.30934301437971,40.43587748478687,39.87552088754765,40.13762283325195,12391400,0.0,0.0
2022-08-23 00:00:00-04:00,40.182812813191596,40.63471130217768,40.020129081339654,40.101470947265625,10475100,0.0,0.0
2022-08-24 00:00:00-04:00,40.06531848243383,40.399722372165655,39.78514020050569,40.34549331665039,11706700,0.0,0.0
2022-08-25 00:00:00-04:00,40.48106535323661,41.14083669891785,40.15569790655289,41.02334213256836,11783200,0.0,0.0
2022-08-26 00:00:00-04:00,41.19506569531224,41.321596713789326,39.712835835077485,39.739952087402344,13405200,0.0,0.0
2022-08-29 00:00:00-04:00,39.58630470304319,40.05627951868969,39.38747172359742,39.694759368896484,12504900,0.0,0.0
2022-08-30 00:00:00-04:00,40.002043667206706,40.16472736220922,39.36034878564739,39.89358901977539,14365000,0.0,0.0
2022-08-31 00:00:00-04:00,40.02012689462096,40.300305183659525,39.41458460736842,39.50496292114258,22609100,0.0,0.0
2022-09-01 00:00:00-04:00,39.45976938803817,39.532074789207925,38.682503564019704,39.49592208862305,13173000,0.0,0.0
2022-09-02 00:00:00-04:00,40.03819841988688,40.49009682969985,39.01690704835042,39.20670700073242,13025900,0.0,0.0
2022-09-06 00:00:00-04:00,39.504959934456735,39.65860719351065,38.284835552192064,38.75481033325195,14708700,0.0,0.0
2022-09-07 00:00:00-04:00,38.447516633775784,39.685717282301596,38.18541473477282,39.62245178222656,19475800,0.0,0.0
2022-09-08 00:00:00-04:00,39.423613626908136,40.905839758706705,39.17055163788234,40.878726959228516,18500300,0.0,0.0
2022-09-09 00:00:00-04:00,41.1317964853275,41.40293832063803,40.89681080213158,40.9691162109375,12875500,0.0,0.0
2022-09-12 00:00:00-04:00,41.28544274049516,41.70118848777625,40.9058462490169,41.149871826171875,12127900,0.0,0.0
2022-09-13 00:00:00-04:00,40.0833912900595,40.24607500850204,38.89941955304184,39.062103271484375,21124900,0.0,0.0
2022-09-14 00:00:00-04:00,39.08921638906105,39.41458382855762,38.18541947833132,39.116329193115234,15067800,0.0,0.0
2022-09-15 00:00:00-04:00,39.224781338286014,40.390676555522596,39.179588741454474,39.89358901977539,13173200,0.0,0.0
2022-09-16 00:00:00-04:00,39.49593167321085,39.82129916201002,39.1615277309282,39.71284103393555,21238800,0.0,0.0
2022-09-19 00:00:00-04:00,39.25189954147048,40.318380156533806,39.233823189791764,40.056278228759766,11324100,0.0,0.0
2022-09-20 00:00:00-04:00,39.6676516652008,40.02917186148168,38.944614720351154,39.233829498291016,19503900,0.0,0.0
2022-09-21 00:00:00-04:00,39.45977215345572,39.59534306629444,38.17638222215164,38.203495025634766,19207100,0.0,0.0
2022-09-22 00:00:00-04:00,38.40232636731057,38.420399268768605,37.45333699834308,37.52564239501953,15499000,0.0,0.0
2022-09-23 00:00:00-04:00,36.892986988984724,37.03759434647971,35.88073548651985,36.522430419921875,23316200,0.0,0.0
2022-09-26 00:00:00-04:00,36.27840994661174,36.63993011491666,35.55537305771373,36.16091537475586,21420000,0.0,0.0
2022-09-27 00:00:00-04:00,36.341676962795844,36.685120792126696,35.61864004397721,36.178993225097656,17541400,0.0,0.0
2022-09-28 00:00:00-04:00,36.06150177490284,37.10990615978005,36.06150177490284,36.88395690917969,16033500,0.0,0.0
2022-09-29 00:00:00-04:00,36.29648015301073,36.775491364339416,35.94399994484725,36.6037712097168,14811300,0.0,0.0
2022-09-30 00:00:00-04:00,36.73029715029104,37.182195498001725,36.31455149784779,36.350704193115234,21182200,0.0,0.0
2022-10-03 00:00:00-04:00,37.31777781134104,37.778712750191474,36.73030840029872,37.57987976074219,16827600,0.0,0.0
2022-10-04 00:00:00-04:00,38.10407765598048,39.39650751541367,38.10407765598048,39.351318359375,18601300,0.0,0.0
2022-10-05 00:00:00-04:00,38.70962197318871,39.35131692967407,38.46559640219185,39.1434440612793,15873400,0.0,0.0
2022-10-06 00:00:00-04:00,38.745773557683926,38.98979914335292,38.14926771973029,38.17638397216797,15634800,0.0,0.0
2022-10-07 00:00:00-04:00,37.98659322381448,38.06793510546406,37.408163597734166,37.769683837890625,17186700,0.0,0.0
2022-10-10 00:00:00-04:00,37.90524183326175,38.0588891034837,37.19124488202033,37.46238327026367,10973700,0.0,0.0
2022-10-11 00:00:00-04:00,37.25449756180023,37.34487584418749,36.20609362663979,36.359737396240234,19135900,0.0,0.0
2022-10-12 00:00:00-04:00,36.36878990562295,37.254510481481475,36.11572442129789,36.61281204223633,16469900,0.0,0.0
2022-10-13 00:00:00-04:00,35.92593042651249,38.565015987847666,35.92593042651249,38.30291748046875,23808700,0.0,0.0
2022-10-14 00:00:00-04:00,39.58630356584678,40.60759502911902,38.98076129720699,39.016910552978516,33954200,0.0,0.0
2022-10-17 00:00:00-04:00,40.36356978013108,40.84258103818359,39.66764574712915,39.73091125488281,24507000,0.0,0.0
2022-10-18 00:00:00-04:00,40.77027719789738,40.94199736134972,39.604378412706,40.37260437011719,24810400,0.0,0.0
2022-10-19 00:00:00-04:00,39.929741938949725,40.23703298146354,39.13439980872967,39.423614501953125,17876800,0.0,0.0
2022-10-20 00:00:00-04:00,39.477853621205846,40.1557013778231,39.31516988380074,39.450740814208984,17572700,0.0,0.0
2022-10-21 00:00:00-04:00,39.44169152308832,40.56240106420258,39.37842602334998,40.5172119140625,18632800,0.0,0.0
2022-10-24 00:00:00-04:00,40.625670500155245,41.14987089844995,40.51721583976866,40.851619720458984,16154300,0.0,0.0
2022-10-25 00:00:00-04:00,40.472027739779136,41.213140989002355,40.101471115167534,41.00526809692383,16362200,0.0,0.0
2022-10-26 00:00:00-04:00,41.2673636867921,41.76445126057847,41.0956435279092,41.30351638793945,15010800,0.0,0.0
2022-10-27 00:00:00-04:00,41.59273904371352,42.01752474402817,41.167953343398864,41.25833511352539,14655500,0.0,0.0
2022-10-28 00:00:00-04:00,41.493310421091635,42.0175142133099,41.09564107533756,41.8909797668457,14990400,0.0,0.0
2022-10-31 00:00:00-04:00,41.7011955413,42.04463938735544,41.55658815049437,41.56562805175781,14000000,0.0,0.0
2022-11-01 00:00:00-04:00,42.098865578761824,42.53268772157252,41.80964736917611,42.43326950073242,22409100,0.0,0.0
2022-11-02 00:00:00-04:00,42.369998931884766,42.97554118990074,42.017518698387526,42.369998931884766,29246700,0.0,0.0
2022-11-03 00:00:00-04:00,42.02433971853653,42.02433971853653,41.305740880791326,41.42399215698242,17140100,0.3,0.0
2022-11-04 00:00:00-04:00,42.14259788607177,42.6701744501134,41.75146192156239,42.515541076660156,27082500,0.0,0.0
2022-11-07 00:00:00-05:00,42.87028647577552,43.49792148796562,42.579209066941004,42.81570816040039,17713300,0.0,0.0
2022-11-08 00:00:00-05:00,42.97944445783029,43.17956150007082,42.497348095978275,42.915771484375,14842700,0.0,0.0
2022-11-09 00:00:00-05:00,42.57011700813665,42.75204128204362,41.796943181428155,41.81513595581055,18318700,0.0,0.0
2022-11-10 00:00:00-05:00,42.77023172705871,43.76171532244042,42.68836598175502,43.61617660522461,23091900,0.0,0.0
2022-11-11 00:00:00-05:00,43.752616076030584,43.989118654124425,43.05221340300259,43.25232696533203,18076600,0.0,0.0
2022-11-14 00:00:00-05:00,42.93396847000511,43.27052614413017,42.633792877197266,42.633792877197266,13929900,0.0,0.0
2022-11-15 00:00:00-05:00,43.097696521978506,43.2159443491249,42.06073268443709,42.488250732421875,19076000,0.0,0.0
2022-11-16 00:00:00-05:00,42.451870716014426,42.615602234848076,41.86971574679134,42.033447265625,14713300,0.0,0.0
2022-11-17 00:00:00-05:00,41.58773479292152,41.99706010441442,41.360330299906714,41.83333206176758,11350900,0.0,0.0
2022-11-18 00:00:00-05:00,42.49734297025228,42.54282316438959,41.81512964844343,42.29722595214844,10515300,0.0,0.0
2022-11-21 00:00:00-05:00,42.18807913214992,42.83390700773568,42.18807913214992,42.606502532958984,11656800,0.0,0.0
2022-11-22 00:00:00-05:00,42.87029314693719,43.11589039946869,42.67017609600405,42.85210037231445,11684900,0.0,0.0
2022-11-23 00:00:00-05:00,42.861185590244126,43.206841292157925,42.742937786099986,43.052207946777344,10878500,0.0,0.0
2022-11-25 00:00:00-05:00,43.07949983595055,43.334191711189874,42.7702296431957,43.15226745605469,4913300,0.0,0.0
2022-11-28 00:00:00-05:00,42.86118687059825,43.43424701748403,42.67926262889778,42.73384094238281,12492600,0.0,0.0
2022-11-29 00:00:00-05:00,42.91577264673929,43.34329416858999,42.78842669637957,43.27052307128906,13344900,0.0,0.0
2022-11-30 00:00:00-05:00,43.043116388098774,43.61617660522461,41.96976704741336,43.61617660522461,26417000,0.0,0.0
2022-12-01 00:00:00-05:00,43.59798916540522,43.825393655744314,42.26084965183783,42.633792877197266,15980300,0.0,0.0
2022-12-02 00:00:00-05:00,42.197174365793664,42.315425665883616,40.8236528459807,41.787845611572266,29820400,0.0,0.0
2022-12-05 00:00:00-05:00,41.56953809946673,41.73326959660028,39.67753123033103,39.71391677856445,32574600,0.0,0.0
2022-12-06 00:00:00-05:00,39.732105046404214,39.886738403982996,38.80429449118211,39.477413177490234,25961400,0.0,0.0
2022-12-07 00:00:00-05:00,39.195436161382204,39.422840640510685,38.60418312768135,38.61328125,24114900,0.0,0.0
2022-12-08 00:00:00-05:00,38.84978088286963,39.01351238754838,38.30401151388514,38.73153305053711,17161400,0.0,0.0
2022-12-09 00:00:00-05:00,38.50411909720039,39.040790211738035,38.4950209770023,38.65875244140625,16023700,0.0,0.0
2022-12-12 00:00:00-05:00,38.74972631421111,39.04990192676016,38.304015426987675,38.986228942871094,18428900,0.0,0.0
2022-12-13 00:00:00-05:00,39.91403431231809,40.095958585794364,38.30401021741593,38.767913818359375,31496000,0.0,0.0
2022-12-14 00:00:00-05:00,38.7406189083732,39.32277369511027,38.15846412163613,38.36767578125,22044400,0.0,0.0
2022-12-15 00:00:00-05:00,37.67636627228222,37.94015625769312,37.30342312632477,37.63088607788086,16766600,0.0,0.0
2022-12-16 00:00:00-05:00,37.32161294931041,37.70365418591314,37.157881486468696,37.4671516418457,29836200,0.0,0.0
2022-12-19 00:00:00-05:00,37.60360597092337,38.122087921784576,37.394394260042276,38.04022216796875,17454200,0.0,0.0
2022-12-20 00:00:00-05:00,37.55811723894781,38.713332182725345,37.267039840348964,37.2761344909668,25415400,0.0,0.0
2022-12-21 00:00:00-05:00,37.62180566218715,37.87649762313746,37.2215714722164,37.40349578857422,20170800,0.0,0.0
2022-12-22 00:00:00-05:00,37.03054517905147,37.05783607655514,36.402910055139714,37.003257751464844,17382700,0.0,0.0
2022-12-23 00:00:00-05:00,37.01234451413775,37.29432726211876,36.79403820014677,37.2761344909668,10167500,0.0,0.0
2022-12-27 00:00:00-05:00,37.303424286020984,37.421675571073884,36.939579249582366,37.33071517944336,10297400,0.0,0.0
2022-12-28 00:00:00-05:00,37.239764250843955,37.6399984408147,37.16699660625146,37.40349578857422,11889400,0.0,0.0
2022-12-29 00:00:00-05:00,37.430770030510246,37.658174457257175,37.348904298084705,37.59450149536133,11597100,0.0,0.0
2022-12-30 00:00:00-05:00,37.39439303994686,37.68547049514658,37.28523986172622,37.55812454223633,10021500,0.0,0.0
2023-01-03 00:00:00-05:00,37.849207925192715,38.33130438526138,37.703669174799295,38.012939453125,15944300,0.0,0.0
2023-01-04 00:00:00-05:00,38.44045027290604,39.16814735645277,38.41316284674394,38.795204162597656,18943600,0.0,0.0
2023-01-05 00:00:00-05:00,38.73152927652346,38.77700947452106,38.14027629280464,38.58598709106445,12380700,0.0,0.0
2023-01-06 00:00:00-05:00,38.74062172233635,39.11356487654864,38.294907479538004,38.931640625,15247000,0.0,0.0
2023-01-09 00:00:00-05:00,39.22272506386291,39.231823186523776,38.34949266394306,38.5587043762207,21225600,0.0,0.0
2023-01-10 00:00:00-05:00,38.81340103984878,39.00442347000546,38.22215138150129,38.53142166137695,18348800,0.0,0.0
2023-01-11 00:00:00-05:00,38.549608374623965,38.95893713211306,38.222145368632695,38.877071380615234,18272100,0.0,0.0
2023-01-12 00:00:00-05:00,39.15904835448886,39.613857286526866,38.93164388846986,38.95893478393555,20940400,0.0,0.0
2023-01-13 00:00:00-05:00,37.63999333700653,40.35065452644006,36.80314298320066,40.22330856323242,41649700,0.0,0.0
2023-01-17 00:00:00-05:00,39.87764758415558,40.35974394517911,39.277299928382526,40.13233947753906,25473900,0.0,0.0
2023-01-18 00:00:00-05:00,39.98679740254007,40.578050356770504,39.386449797130375,39.45922088623047,20278000,0.0,0.0
2023-01-19 00:00:00-05:00,39.031706794759636,39.29549683776421,38.676956343092805,39.068092346191406,18565300,0.0,0.0
2023-01-20 00:00:00-05:00,39.18634085886627,39.9686093393599,38.895259938087314,39.950416564941406,23237200,0.0,0.0
2023-01-23 00:00:00-05:00,39.96861076518661,41.096538529951985,39.904937787408905,40.9600944519043,19692000,0.0,0.0
2023-01-24 00:00:00-05:00,40.8509375695581,41.11472757925691,40.35974309699827,40.43251419067383,13697200,0.0,0.0
2023-01-25 00:00:00-05:00,40.06866521114613,41.314840682021845,40.05047243793201,41.24207305908203,17285300,0.0,0.0
2023-01-26 00:00:00-05:00,41.41489466911946,41.751455731887326,41.078337076267914,41.66958999633789,16724600,0.0,0.0
2023-01-27 00:00:00-05:00,41.66959311790931,42.17897687067272,41.66959311790931,41.95157241821289,18161800,0.0,0.0
2023-01-30 00:00:00-05:00,41.7605606324034,42.43367945323552,41.66960022387451,42.10621643066406,19427400,0.0,0.0
2023-01-31 00:00:00-05:00,42.13350369243468,42.642890999964436,41.897004549245565,42.633792877197266,22840400,0.0,0.0
2023-02-01 00:00:00-05:00,42.442762275773646,43.47972591159884,42.26993615977484,43.052207946777344,21874600,0.0,0.0
2023-02-02 00:00:00-05:00,43.31768229727456,43.5465373404732,42.50295890221553,43.235294342041016,19058000,0.3,0.0
2023-02-03 00:00:00-05:00,43.02475672687122,43.976794735090095,42.97898640748698,43.555702209472656,17346900,0.0,0.0
2023-02-06 00:00:00-05:00,43.262757566486876,43.72046767125824,43.16206427675999,43.64723587036133,15948900,0.0,0.0
2023-02-07 00:00:00-05:00,43.42753143429345,44.315490113104865,43.34514347964032,44.059173583984375,21764800,0.0,0.0
2023-02-08 00:00:00-05:00,43.66554500076255,44.49857725762434,43.58315704164211,44.16902542114258,18070500,0.0,0.0
2023-02-09 00:00:00-05:00,44.37042278304451,44.51688989045332,43.47331131365913,43.54654312133789,17362100,0.0,0.0
2023-02-10 00:00:00-05:00,43.400070858974594,43.67469621624037,43.00643989980832,43.49161148071289,18929000,0.0,0.0
2023-02-13 00:00:00-05:00,43.33599081447922,44.07748240635738,43.14375341763885,44.059173583984375,16451700,0.0,0.0
2023-02-14 00:00:00-05:00,43.876087539659494,44.709119726429975,43.71131163528285,44.39787673950195,16844400,0.0,0.0
2023-02-15 00:00:00-05:00,43.86693447865169,44.178177487545845,43.66554440846203,43.9127082824707,12854000,0.0,0.0
2023-02-16 00:00:00-05:00,43.57400004439516,43.766240940006284,43.198677902755804,43.22614288330078,12631700,0.0,0.0
2023-02-17 00:00:00-05:00,43.1071390718512,43.54654036627802,43.04305993466715,43.47330856323242,13463800,0.0,0.0
2023-02-21 00:00:00-05:00,43.088833754829075,43.088833754829075,42.08187280965657,42.329036712646484,13652700,0.0,0.0
2023-02-22 00:00:00-05:00,42.06355770682845,42.31987423817212,41.825546505965754,42.11848068237305,13402900,0.0,0.0
2023-02-23 00:00:00-05:00,42.219178752615306,42.51211293798941,41.91709190172055,42.33818435668945,14783600,0.0,0.0
2023-02-24 00:00:00-05:00,41.962868396056884,42.80505343007866,41.83471010757979,42.67689514160156,16040300,0.0,0.0
2023-02-27 00:00:00-05:00,42.96981989569298,43.41837729851158,42.76842984051277,42.8233528137207,15468200,0.0,0.0
2023-02-28 00:00:00-05:00,42.72266105017803,43.05221289627477,42.60365893290506,42.814205169677734,18627200,0.0,0.0
2023-03-01 00:00:00-05:00,42.567043222284894,42.95151806552738,42.338188151197336,42.73181915283203,13382200,0.0,0.0
2023-03-02 00:00:00-05:00,42.53041612748274,42.67688320076869,41.541764255815174,41.926239013671875,19115000,0.0,0.0
2023-03-03 00:00:00-05:00,42.127638946300976,43.00644151946828,42.02694216336599,42.88743591308594,14947200,0.0,0.0
2023-03-06 00:00:00-05:00,42.91490549458691,43.18953089163405,42.576197462579096,42.68605041503906,14236000,0.0,0.0
2023-03-07 00:00:00-05:00,42.2832549589516,42.356490246248455,40.38833555077927,40.690425872802734,24056800,0.0,0.0
2023-03-08 00:00:00-05:00,40.51649382525568,40.791122660661436,39.912316673054285,40.13201904296875,14852000,0.0,0.0
2023-03-09 00:00:00-05:00,39.76586015073045,39.84824812482108,37.376615886205336,37.651241302490234,33599800,0.0,0.0
2023-03-10 00:00:00-05:00,37.14775539689779,38.77720232337612,36.36964608967584,37.86178207397461,55435400,0.0,0.0
2023-03-13 00:00:00-04:00,36.43373062077079,37.12029590944882,34.978212069091285,35.16129684448242,78806900,0.0,0.0
2023-03-14 00:00:00-04:00,37.989948932245575,38.08148958104468,36.040102382767834,36.772438049316406,52855100,0.0,0.0
2023-03-15 00:00:00-04:00,35.06059502869663,35.68308108076131,34.85920494741769,35.5640754699707,47324600,0.0,0.0
2023-03-16 00:00:00-04:00,35.36268332540307,36.6717344915678,34.92328204818043,35.97601318359375,40388800,0.0,0.0
2023-03-17 00:00:00-04:00,35.481693134750856,35.481693134750856,34.35572646283622,34.5662727355957,47403800,0.0,0.0
2023-03-20 00:00:00-04:00,34.895812444851074,35.19790274720178,34.28248266790941,34.30994415283203,34283700,0.0,0.0
2023-03-21 00:00:00-04:00,35.33522559799192,35.664777496568185,35.11552666030885,35.22537612915039,34664700,0.0,0.0
2023-03-22 00:00:00-04:00,35.43591771073948,35.43591771073948,34.0444784853326,34.05363464355469,22994400,0.0,0.0
2023-03-23 00:00:00-04:00,34.31910140446226,34.45641232550809,33.421986625120034,33.51353073120117,30239900,0.0,0.0
2023-03-24 00:00:00-04:00,32.95513366339292,33.3945350265253,32.268568378738905,33.165679931640625,35694800,0.0,0.0
2023-03-27 00:00:00-04:00,33.888856714406096,34.502186581114415,33.83393024447137,34.30079650878906,27454600,0.0,0.0
2023-03-28 00:00:00-04:00,34.2001038489918,34.410650104377126,33.75154635391774,34.03532791137695,15270000,0.0,0.0
2023-03-29 00:00:00-04:00,34.41980255768519,34.79512474835811,34.14517716071377,34.75851058959961,20789100,0.0,0.0
2023-03-30 00:00:00-04:00,35.060591551182476,35.24367628222758,34.026165789020794,34.218406677246094,22340400,0.0,0.0
2023-03-31 00:00:00-04:00,34.538802337536936,34.740195890891634,34.154327545187925,34.218406677246094,30287900,0.0,0.0
2023-04-03 00:00:00-04:00,34.34656690035815,34.93243527947753,34.236717452286015,34.5296516418457,21541000,0.0,0.0
2023-04-04 00:00:00-04:00,34.51134831867043,34.60288895797782,33.312146388254924,33.696624755859375,21942700,0.0,0.0
2023-04-05 00:00:00-04:00,33.412842128404634,33.87970496136738,33.20229587102524,33.76985549926758,15486900,0.0,0.0
2023-04-06 00:00:00-04:00,33.97124468344037,34.8775087393029,33.92547437117324,34.694427490234375,23484900,0.0,0.0
2023-04-10 00:00:00-04:00,34.511345023166875,35.435917963269226,34.428957058836865,35.36268615722656,27005800,0.0,0.0
2023-04-11 00:00:00-04:00,35.49084925558289,36.195723381209774,35.435922774554875,36.04010009765625,25116100,0.0,0.0
2023-04-12 00:00:00-04:00,36.08587052239982,36.47950157409758,35.60069882744516,35.87532424926758,20252900,0.0,0.0
2023-04-13 00:00:00-04:00,35.99432187364876,36.323873703360746,35.7380053358954,36.305564880371094,22397800,0.0,0.0
2023-04-14 00:00:00-04:00,36.38795110912998,37.08366888943114,35.811235434531824,36.287254333496094,40963100,0.0,0.0
2023-04-17 00:00:00-04:00,36.46119258312848,37.80685806274414,36.214028680655886,37.80685806274414,31445100,0.0,0.0
2023-04-18 00:00:00-04:00,37.724466590706065,38.50257587629044,37.660387454393955,38.328643798828125,27892300,0.0,0.0
2023-04-19 00:00:00-04:00,38.42019068640918,38.82297435684611,38.255414754855146,38.667354583740234,23310500,0.0,0.0
2023-04-20 00:00:00-04:00,38.328642138834475,38.4934180513724,37.944167337613216,38.14555740356445,19265500,0.0,0.0
2023-04-21 00:00:00-04:00,37.724465256474716,37.89839732778544,36.80904506490551,37.751930236816406,23975300,0.0,0.0
2023-04-24 00:00:00-04:00,37.65123769064105,38.0814828544621,37.56884972445382,37.94417190551758,17327800,0.0,0.0
2023-04-25 00:00:00-04:00,37.25760327731493,37.58715511192529,36.97382175483357,37.12028884887695,20728000,0.0,0.0
2023-04-26 00:00:00-04:00,36.836516360942476,37.02875379603929,35.9210960124226,36.12248611450195,26915600,0.0,0.0
2023-04-27 00:00:00-04:00,36.18655927696378,36.415414326258116,35.99432187364876,36.305564880371094,21695800,0.0,0.0
2023-04-28 00:00:00-04:00,35.93024082303797,36.543570646253244,35.664768141922075,36.3879508972168,20193000,0.0,0.0
2023-05-01 00:00:00-04:00,37.06536766811041,37.69700638703546,36.79073879792016,36.97382354736328,26564300,0.0,0.0
2023-05-02 00:00:00-04:00,36.62596013895114,36.62596013895114,35.07890128033049,35.5549201965332,36239500,0.0,0.0
2023-05-03 00:00:00-04:00,35.72884620642274,36.31471452515511,35.3443714317736,35.38098907470703,25202700,0.0,0.0
2023-05-04 00:00:00-04:00,34.76286300813541,35.13189692890381,33.5819600926658,33.8771858215332,53247000,0.3,0.0
2023-05-05 00:00:00-04:00,34.55989651244191,35.31641293758795,34.43996347093554,35.00273513793945,27039700,0.0,0.0
2023-05-08 00:00:00-04:00,35.4547968755954,35.77769889766643,35.19647525793857,35.408668518066406,22735400,0.0,0.0
2023-05-09 00:00:00-04:00,35.00273869519696,35.67622272654649,34.845901539117946,35.55628967285156,18999100,0.0,0.0
2023-05-10 00:00:00-04:00,36.1651788546262,36.192855160686825,34.9658241606431,35.316402435302734,17941600,0.0,0.0
2023-05-11 00:00:00-04:00,34.836666645483156,35.50092627538023,34.51376461393219,35.36254119873047,18536200,0.0,0.0
2023-05-12 00:00:00-04:00,35.48247546052696,35.54705586908052,34.30157253912669,34.58757400512695,17658600,0.0,0.0
2023-05-15 00:00:00-04:00,34.68904901404902,36.072920706407906,34.559888219194356,35.768470764160156,24405800,0.0,0.0
2023-05-16 00:00:00-04:00,35.68544569789105,35.768478157369785,35.35331585997609,35.41789627075195,21821200,0.0,0.0
2023-05-17 00:00:00-04:00,35.97144466757545,37.466025314695734,35.87918443048889,37.32763671875,29241600,0.0,0.0
2023-05-18 00:00:00-04:00,37.19846934649626,37.19846934649626,36.506533527522194,37.09698486328125,27213900,0.0,0.0
2023-05-19 00:00:00-04:00,37.207708317626675,37.32764136170464,36.55267287062499,36.930931091308594,19774900,0.0,0.0
2023-05-22 00:00:00-04:00,37.087760915240146,38.038018321821305,36.99550069364106,37.807373046875,27519400,0.0,0.0
2023-05-23 00:00:00-04:00,37.83505245800264,38.85911812588673,37.8073761489359,38.019569396972656,26116600,0.0,0.0
2023-05-24 00:00:00-04:00,37.724342700861506,38.09337656900442,37.53060150380198,37.70589065551758,21193700,0.0,0.0
2023-05-25 00:00:00-04:00,37.475244986061,38.09337618099916,37.38298827964886,37.73357009887695,17691800,0.0,0.0
2023-05-26 00:00:00-04:00,37.733571132651306,38.30557047068651,37.60440681302078,38.038021087646484,17399400,0.0,0.0
2023-05-30 00:00:00-04:00,38.04724610366502,38.21330746380817,37.21692170611126,37.807373046875,14752600,0.0,0.0
2023-05-31 00:00:00-04:00,37.17079723094864,37.33686212777566,36.25744029839999,36.72795867919922,27221100,0.0,0.0
2023-06-01 00:00:00-04:00,37.09699179801402,37.39221752108162,36.608024854064844,36.9586067199707,17079400,0.0,0.0
2023-06-02 00:00:00-04:00,37.47525349807153,38.33325443618552,37.253835944643214,38.04725646972656,16906100,0.0,0.0
2023-06-05 00:00:00-04:00,37.973444632642156,37.973444632642156,37.30918499728835,37.31841278076172,18443900,0.0,0.0
2023-06-06 00:00:00-04:00,37.27228735361993,38.397834189507876,37.14312301040925,38.065704345703125,18825100,0.0,0.0
2023-06-07 00:00:00-04:00,38.24099647678649,38.877576321594546,37.81660991358112,38.81299591064453,17781800,0.0,0.0
2023-06-08 00:00:00-04:00,38.471639693952106,39.11744728734746,38.34247887914669,39.08976745605469,17157300,0.0,0.0
2023-06-09 00:00:00-04:00,39.05286411291781,39.182024918571756,38.77608693581022,38.86834716796875,11098900,0.0,0.0
2023-06-12 00:00:00-04:00,38.84989724800584,39.44957295270384,38.204089665019524,38.591575622558594,19433400,0.0,0.0
2023-06-13 00:00:00-04:00,38.453193656194266,39.984678664217746,38.31480503620594,39.34809875488281,18864000,0.0,0.0
2023-06-14 00:00:00-04:00,39.44034758345103,39.66176862717833,38.73918739715609,38.82221984863281,14826100,0.0,0.0
2023-06-15 00:00:00-04:00,38.58235631519304,39.135903782578055,38.39783931960838,39.08055114746094,14188200,0.0,0.0
2023-06-16 00:00:00-04:00,39.283508367368164,39.43112121551997,38.803765731032804,38.91447448730469,36422100,0.0,0.0
2023-06-20 00:00:00-04:00,38.85911630326976,38.87756834823809,38.13950414634349,38.64692306518555,16679600,0.0,0.0
2023-06-21 00:00:00-04:00,38.61002384069347,38.711508341124,38.31479812273274,38.42551040649414,11686500,0.0,0.0
2023-06-22 00:00:00-04:00,38.33325028117946,38.40705847056775,37.75202310753535,37.881187438964844,11504400,0.0,0.0
2023-06-23 00:00:00-04:00,37.392218114529925,37.585962857854625,37.180024842667905,37.466026306152344,18952000,0.0,0.0
2023-06-26 00:00:00-04:00,37.6228637932015,38.02880181226068,37.32763806263209,37.447574615478516,13618500,0.0,0.0
2023-06-27 00:00:00-04:00,37.47524845111417,37.88118644334421,37.216926833780924,37.7427978515625,11749600,0.0,0.0
2023-06-28 00:00:00-04:00,37.75202776444911,37.77047981407234,37.25383650209636,37.47525405883789,13959600,0.0,0.0
2023-06-29 00:00:00-04:00,38.26867302009538,39.218930660669216,38.16718851103051,39.163578033447266,23956300,0.0,0.0
2023-06-30 00:00:00-04:00,39.62486410589354,39.873961457636696,39.32041061397367,39.37576675415039,20062200,0.0,0.0
2023-07-03 00:00:00-04:00,39.56028871554655,40.22454488500863,39.43112789146693,40.04003143310547,9249100,0.0,0.0
2023-07-05 00:00:00-04:00,39.88318147126951,40.242987545656256,39.458794999909124,40.113826751708984,15722200,0.0,0.0
2023-07-06 00:00:00-04:00,39.8739687760705,39.957001241891255,38.969839436782635,39.569515228271484,14978600,0.0,0.0
2023-07-07 00:00:00-04:00,39.2927363596793,40.06770476586563,39.2927363596793,39.45880126953125,13506500,0.0,0.0
2023-07-10 00:00:00-04:00,39.403438579094505,39.66176368447823,39.00672841807402,39.04363250732422,16675800,0.0,0.0
2023-07-11 00:00:00-04:00,39.071315983710306,39.60641481791962,38.81299435029522,39.43112564086914,15401100,0.0,0.0
2023-07-12 00:00:00-04:00,39.956993845419596,40.45518502875486,39.680216664339056,39.91086196899414,13998300,0.0,0.0
2023-07-13 00:00:00-04:00,40.10460938008232,40.37215527664438,39.947768732362775,40.326026916503906,18034800,0.0,0.0
2023-07-14 00:00:00-04:00,41.285519419269285,41.802166292382665,39.94777562806723,40.18764877319336,30897600,0.0,0.0
2023-07-17 00:00:00-04:00,40.1876409116174,41.63609320679183,40.17841312818061,41.27628707885742,25173900,0.0,0.0
2023-07-18 00:00:00-04:00,41.30396156728886,42.161962381892074,41.147120930100115,42.0697021484375,24183200,0.0,0.0
2023-07-19 00:00:00-04:00,42.37416173956542,42.96461324119822,42.01435557571847,42.678611755371094,18932700,0.0,0.0
2023-07-20 00:00:00-04:00,42.780094621588404,43.58274290015519,42.63248175185803,43.481258392333984,18927200,0.0,0.0
2023-07-21 00:00:00-04:00,43.52738672582825,43.55506303908199,42.39261213063523,42.40183639526367,16215400,0.0,0.0
2023-07-24 00:00:00-04:00,42.41106648194109,43.20448701906528,42.40183869744321,42.82622528076172,12053200,0.0,0.0
2023-07-25 00:00:00-04:00,42.79854463565411,43.02918995360384,41.912867459375505,41.9589958190918,13537400,0.0,0.0
2023-07-26 00:00:00-04:00,42.881581070380655,43.204486657097476,42.540226953559866,42.84467697143555,19520900,0.0,0.0
2023-07-27 00:00:00-04:00,42.9553834447104,43.51815504016843,42.05125425934164,42.22654342651367,19509600,0.0,0.0
2023-07-28 00:00:00-04:00,42.48486915161757,42.65093407103868,42.04203053961745,42.567901611328125,12616400,0.0,0.0
2023-07-31 00:00:00-04:00,42.752418220026726,43.06609600747703,42.30957961175014,42.58635330200195,11696600,0.0,0.0
2023-08-01 00:00:00-04:00,42.44796202733573,42.58635062344159,41.82983427529743,42.17118835449219,12699200,0.0,0.0
2023-08-02 00:00:00-04:00,41.60841369628906,41.672994103371146,41.11022248727988,41.60841369628906,13911700,0.0,0.0
2023-08-03 00:00:00-04:00,41.571218515206695,42.20348069046331,41.38525842597352,41.98033142089844,12145400,0.35,0.0
2023-08-04 00:00:00-04:00,41.93383470048168,42.49171491446123,41.57121451218632,41.701385498046875,10840800,0.0,0.0
2023-08-07 00:00:00-04:00,42.00823451326782,42.26857657401775,41.76648527380469,41.89665985107422,10860300,0.0,0.0
2023-08-08 00:00:00-04:00,40.892466216139844,41.42245015216569,40.33458950881588,41.357364654541016,14520000,0.0,0.0
2023-08-09 00:00:00-04:00,41.115620963962385,41.1435137365744,40.51125154681452,40.65072250366211,11973800,0.0,0.0
2023-08-10 00:00:00-04:00,40.91106749682123,41.273687754858194,40.557743648036535,40.60423278808594,11982200,0.0,0.0
2023-08-11 00:00:00-04:00,40.45546246331673,40.77159355826402,40.334591417376416,40.66001892089844,7316000,0.0,0.0
2023-08-14 00:00:00-04:00,40.47406669526225,40.82739058697993,40.23232100949403,40.66932678222656,10677000,0.0,0.0
2023-08-15 00:00:00-04:00,40.10214482087777,40.223015874756264,39.53496809443835,39.730224609375,13835900,0.0,0.0
2023-08-16 00:00:00-04:00,39.665136590893056,39.7302220917476,39.18164176533519,39.25602722167969,10076700,0.0,0.0
2023-08-17 00:00:00-04:00,39.48847961425781,39.74882163852156,39.29321954916594,39.48847961425781,12686000,0.0,0.0
2023-08-18 00:00:00-04:00,39.14444490261786,39.78600698169731,39.09795577075976,39.51636505126953,10797300,0.0,0.0
2023-08-21 00:00:00-04:00,39.6558398131408,39.86039272239641,39.16304503668041,39.50707244873047,12600400,0.0,0.0
2023-08-22 00:00:00-04:00,39.47917489837491,39.581453123260346,38.52148524152693,38.586570739746094,13634500,0.0,0.0
2023-08-23 00:00:00-04:00,38.64236888644477,38.716750810316746,38.32623772947632,38.68885803222656,11927400,0.0,0.0
2023-08-24 00:00:00-04:00,38.540092187531286,39.2188436745469,38.48430308221282,38.5214958190918,10363300,0.0,0.0
2023-08-25 00:00:00-04:00,38.71674594997808,38.86551332594087,37.907823564861324,38.33552932739258,12534700,0.0,0.0
2023-08-28 00:00:00-04:00,38.502889946661114,39.11655576610954,38.39131531045969,38.93989562988281,10314500,0.0,0.0
2023-08-29 00:00:00-04:00,38.93059331127248,39.39549173859996,38.726040415135984,39.05146789550781,14404800,0.0,0.0
2023-08-30 00:00:00-04:00,39.107258851222866,39.17234435040537,38.558678538903436,38.62376403808594,12536300,0.0,0.0
2023-08-31 00:00:00-04:00,38.7539395401729,38.78183231538014,38.223955529870686,38.391319274902344,21534900,0.0,0.0
2023-09-01 00:00:00-04:00,38.63306568521856,39.042178646292754,38.59587295295833,38.72604751586914,12890300,0.0,0.0
2023-09-05 00:00:00-04:00,38.72604226448521,39.311811757127714,38.40991117693005,38.62376403808594,14337200,0.0,0.0
2023-09-06 00:00:00-04:00,38.31692653939689,38.49359020723018,37.749749905203885,38.14026641845703,18775400,0.0,0.0
2023-09-07 00:00:00-04:00,37.87062843235448,38.14027039259045,37.470815469768404,37.59169006347656,13801000,0.0,0.0
2023-09-08 00:00:00-04:00,37.610293516236865,38.2332558725803,37.49871885703548,38.121681213378906,13921200,0.0,0.0
2023-09-11 00:00:00-04:00,38.47499407628041,38.79112514247396,38.31692676973691,38.428504943847656,15053800,0.0,0.0
2023-09-12 00:00:00-04:00,38.50289064264443,39.95337512705703,38.37271964024083,39.55356216430664,18393900,0.0,0.0
2023-09-13 00:00:00-04:00,39.71162988081335,39.869697218629625,39.163049497028894,39.2839241027832,15274200,0.0,0.0
2023-09-14 00:00:00-04:00,39.804614054974955,40.34389451405389,39.702335809228686,40.02776336669922,20764500,0.0,0.0
2023-09-15 00:00:00-04:00,39.67443456029558,40.26950759378057,39.61864901273637,39.93478012084961,47371800,0.0,0.0
2023-09-18 00:00:00-04:00,39.97197881052759,40.53915206101379,39.76742231392618,40.38108825683594,15849700,0.0,0.0
2023-09-19 00:00:00-04:00,40.49265649727437,40.669320187935455,39.88829060740095,40.18582534790039,15318100,0.0,0.0
2023-09-20 00:00:00-04:00,40.353192172401094,40.65072693568103,39.813908197147356,39.86039733886719,16788100,0.0,0.0
2023-09-21 00:00:00-04:00,39.74881577175419,40.139328750511645,39.32111006733596,39.349002838134766,14990500,0.0,0.0
2023-09-22 00:00:00-04:00,39.35830814066898,39.41409368984626,38.26114741285819,38.33552932739258,16780300,0.0,0.0
2023-09-25 00:00:00-04:00,38.01009850747322,38.69814623159957,37.90782028031813,38.64236068725586,10624000,0.0,0.0
2023-09-26 00:00:00-04:00,38.168166060733554,38.40991526648825,37.526607408958235,37.79624938964844,15219400,0.0,0.0
2023-09-27 00:00:00-04:00,37.777651792237485,38.307635780095396,37.61958446333754,37.99150466918945,11815500,0.0,0.0
2023-09-28 00:00:00-04:00,37.97290507161902,38.307632519012,37.86133043811924,38.03799057006836,12454600,0.0,0.0
2023-09-29 00:00:00-04:00,38.307635780095396,38.48429592708339,37.73116265322948,37.99150466918945,13124500,0.0,0.0
2023-10-02 00:00:00-04:00,37.84273678818979,37.89852233549289,36.671190638309994,36.82925796508789,15102000,0.0,0.0
2023-10-03 00:00:00-04:00,36.615408379536845,36.699090254901094,35.76929321614014,35.95524978637695,19252900,0.0,0.0
2023-10-04 00:00:00-04:00,35.80648632885312,36.36436674142748,35.694911665096086,36.234195709228516,14343500,0.0,0.0
2023-10-05 00:00:00-04:00,36.03892823524932,36.65259408060996,35.89016086506777,36.541019439697266,11820600,0.0,0.0
2023-10-06 00:00:00-04:00,36.1598038747116,37.08960085188349,36.03892927454894,36.90364074707031,13976800,0.0,0.0
2023-10-09 00:00:00-04:00,36.364360616496434,37.00591925865845,36.35506066039457,36.912940979003906,12096600,0.0,0.0
2023-10-10 00:00:00-04:00,37.117491518308306,37.545200799157406,36.9315349709495,37.024513244628906,14429700,0.0,0.0
2023-10-11 00:00:00-04:00,37.201175496013796,37.38713560082697,36.49453135399652,36.90364074707031,14835900,0.0,0.0
2023-10-12 00:00:00-04:00,36.90363778001072,37.20117250503236,36.55961391924703,36.950130462646484,14878100,0.0,0.0
2023-10-13 00:00:00-04:00,37.96361304464,38.71674634129756,37.628885558617064,38.0844841003418,28077900,0.0,0.0
2023-10-16 00:00:00-04:00,38.55868376759227,39.20953884767545,38.493598259583955,38.72604751586914,18419000,0.0,0.0
2023-10-17 00:00:00-04:00,38.52148368940928,39.39549144948921,38.52148368940928,39.03287124633789,16982300,0.0,0.0
2023-10-18 00:00:00-04:00,38.772531122244175,38.99568039015849,38.447100081769776,38.614463806152344,16053200,0.0,0.0
2023-10-19 00:00:00-04:00,38.56797799419137,39.25602931448396,38.27044324673888,38.289039611816406,16120300,0.0,0.0
2023-10-20 00:00:00-04:00,38.16816500288732,38.20535773303324,37.13608979614883,37.44292449951172,17498900,0.0,0.0
2023-10-23 00:00:00-04:00,37.43362988916881,37.54520809554029,36.652600179040824,36.70838928222656,13785800,0.0,0.0
2023-10-24 00:00:00-04:00,36.838561588495104,37.03382168297753,36.48524123006795,36.522430419921875,15097800,0.0,0.0
2023-10-25 00:00:00-04:00,36.32716694229985,36.457337949192706,35.87156841817485,36.289974212646484,13849000,0.0,0.0
2023-10-26 00:00:00-04:00,36.280674425363614,37.173278572564996,36.24348169917349,36.86644744873047,15480300,0.0,0.0
2023-10-27 00:00:00-04:00,36.61540953630081,36.64330231333869,35.908761778257116,36.03893280029297,13582800,0.0,0.0
2023-10-30 00:00:00-04:00,36.35505725869677,36.81065929891957,35.973840672752665,36.66189193725586,14141900,0.0,0.0
2023-10-31 00:00:00-04:00,36.85714893764627,37.015216256699915,36.485232301855675,36.978023529052734,11919200,0.0,0.0
2023-11-01 00:00:00-04:00,37.154685480668995,37.173281845401334,36.52242326734521,36.82925796508789,19850300,0.0,0.0
2023-11-02 00:00:00-04:00,37.279542257103145,38.03001040264952,36.95120998319796,38.00186538696289,19998500,0.35,0.0
2023-11-03 00:00:00-04:00,38.621000973040445,39.26828263799452,38.527193799416466,39.04314041137695,16147500,0.0,0.0
2023-11-06 00:00:00-05:00,39.20261503469761,39.20261503469761,38.60224056364784,38.78047561645508,15148600,0.0,0.0
2023-11-07 00:00:00-05:00,38.63038160727804,38.64914375662251,38.21762505724203,38.49905014038086,13796900,0.0,0.0
2023-11-08 00:00:00-05:00,38.52719216631511,38.63976148559513,37.92681769213616,38.44276428222656,19418700,0.0,0.0
2023-11-09 00:00:00-05:00,38.74295702292951,38.81800563211994,37.776729439947864,37.898681640625,14006500,0.0,0.0
2023-11-10 00:00:00-05:00,38.11443660776613,38.414623852714385,37.861152948869616,38.35833740234375,14706600,0.0,0.0
2023-11-13 00:00:00-05:00,38.21762806375892,38.517815319857455,38.020627269401345,38.24576950073242,12159700,0.0,0.0
2023-11-14 00:00:00-05:00,38.930571152984946,39.7560878806226,38.89304685206635,39.47466278076172,20183800,0.0,0.0
2023-11-15 00:00:00-05:00,39.46528761071912,40.36584953725989,39.46528761071912,40.18761444091797,17268100,0.0,0.0
2023-11-16 00:00:00-05:00,40.16884682480986,40.30017830725811,39.39023721664615,39.89680099487305,16931200,0.0,0.0
2023-11-17 00:00:00-05:00,40.178226106602665,40.328319727231104,39.812369551463796,40.300174713134766,13893800,0.0,0.0
2023-11-20 00:00:00-05:00,40.206370849411805,40.29079874161717,39.87803856705119,40.14070510864258,10369100,0.0,0.0
2023-11-21 00:00:00-05:00,39.99998386060688,40.084411738245215,39.540323754531194,39.962459564208984,16078400,0.0,0.0
2023-11-22 00:00:00-05:00,40.01874782288919,40.178224300552515,39.774847042274374,40.131317138671875,11862200,0.0,0.0
2023-11-24 00:00:00-05:00,40.15008402177447,40.44089199855878,40.084418281615825,40.26265335083008,5287200,0.0,0.0
2023-11-27 00:00:00-05:00,39.999990666580274,40.365843672424745,39.88742133674685,40.35646438598633,15715000,0.0,0.0
2023-11-28 00:00:00-05:00,40.309555507200564,40.759836345961254,40.14069974535106,40.68478775024414,15332900,0.0,0.0
2023-11-29 00:00:00-05:00,40.98497671753868,41.407116140099184,40.92869384687339,41.06940460205078,16746000,0.0,0.0
2023-11-30 00:00:00-05:00,41.09755197630087,41.97935159300611,40.78798185580522,41.82925796508789,23247500,0.0,0.0
2023-12-01 00:00:00-05:00,41.75420582466154,42.43901174619654,41.6322572225375,42.23263168334961,18116100,0.0,0.0
2023-12-04 00:00:00-05:00,41.94183135078018,42.523447346455626,41.76359626866237,42.326446533203125,13424000,0.0,0.0
2023-12-05 00:00:00-05:00,42.16696562297583,42.1857277720448,41.66039833365576,41.73544692993164,14531700,0.0,0.0
2023-12-06 00:00:00-05:00,42.026260037457156,42.44839953304677,41.67916915375672,41.744834899902344,18923800,0.0,0.0
2023-12-07 00:00:00-05:00,42.016870694823126,42.626624417180885,41.885539233961886,42.58910369873047,18787800,0.0,0.0
2023-12-08 00:00:00-05:00,42.551587763056745,43.47091174824443,42.32644551554473,43.24576950073242,20238400,0.0,0.0
2023-12-11 00:00:00-05:00,43.05815509802652,43.358342375434205,42.74858495528537,43.15196228027344,21116900,0.0,0.0
2023-12-12 00:00:00-05:00,43.09567312096981,43.864903418397255,42.973724507400036,43.59286117553711,19787100,0.0,0.0
2023-12-13 00:00:00-05:00,43.620999350079714,44.8217482945918,43.48028501754477,44.80298614501953,26549100,0.0,0.0
2023-12-14 00:00:00-05:00,45.4408905851152,47.4202528804858,45.4408905851152,47.382728576660156,41115400,0.0,0.0
2023-12-15 00:00:00-05:00,46.9981095314698,47.62662904389656,46.82925375669929,47.19511032104492,44099200,0.0,0.0
2023-12-18 00:00:00-05:00,47.2889222724769,47.35458801613212,46.463405465578234,46.585357666015625,20531700,0.0,0.0
2023-12-19 00:00:00-05:00,46.59473337409317,47.20449075093191,46.25702539488234,46.988731384277344,20556400,0.0,0.0
2023-12-20 00:00:00-05:00,46.744835304032094,47.439017061932105,46.23826791625767,46.28517150878906,20481500,0.0,0.0
2023-12-21 00:00:00-05:00,46.54783199157507,46.74483279525755,46.08817179951653,46.38835906982422,11127700,0.0,0.0
2023-12-22 00:00:00-05:00,46.58535551338526,46.77297344880835,46.05064672346384,46.135074615478516,10450400,0.0,0.0
2023-12-26 00:00:00-05:00,46.116304718492906,46.59472697387831,45.99435254417354,46.566585540771484,8856600,0.0,0.0
2023-12-27 00:00:00-05:00,46.350832377968246,46.500926005387825,46.1069315753543,46.275787353515625,12536700,0.0,0.0
2023-12-28 00:00:00-05:00,46.09754688391429,46.57597276258316,46.05064329817586,46.41649627685547,9872600,0.0,0.0
2023-12-29 00:00:00-05:00,46.29454841107711,46.51031136693325,46.1632169273487,46.17259979248047,11733600,0.0,0.0
2024-01-02 00:00:00-05:00,46.01312082164559,46.67916106966285,45.797361455887085,46.275787353515625,14916000,0.0,0.0
2024-01-03 00:00:00-05:00,46.05064603532758,46.05064603532758,45.32831932077682,45.66603088378906,21653600,0.0,0.0
2024-01-04 00:00:00-05:00,45.797359309943054,46.77296963171299,45.750455724543656,46.228878021240234,15917500,0.0,0.0
2024-01-05 00:00:00-05:00,46.34145255085741,47.34520434347937,46.238262512239665,46.829254150390625,15074800,0.0,0.0
2024-01-08 00:00:00-05:00,46.3226904003347,46.894923466477266,46.106931037095,46.829254150390625,15119700,0.0,0.0
2024-01-09 00:00:00-05:00,46.378972936640864,46.39773508702734,46.01311995039018,46.23826217651367,13625200,0.0,0.0
2024-01-10 00:00:00-05:00,45.96621878951297,46.07878811925834,45.60036578395467,46.04126739501953,11849800,0.0,0.0
2024-01-11 00:00:00-05:00,45.86302787462413,46.041266520057754,45.34708124637216,46.00374221801758,21049200,0.0,0.0
2024-01-12 00:00:00-05:00,44.981221360038916,45.759830826319096,44.09003900487589,44.465274810791016,30454100,0.0,0.0
2024-01-16 00:00:00-05:00,43.87428095730669,44.14632674565799,43.358334392908205,43.92118453979492,25209900,0.0,0.0
2024-01-17 00:00:00-05:00,43.377105674017955,44.1463360400198,43.34896065578833,43.780479431152344,17445600,0.0,0.0
2024-01-18 00:00:00-05:00,43.66789873317862,43.73356446110636,43.26452150247176,43.5647087097168,17901300,0.0,0.0
2024-01-19 00:00:00-05:00,43.74295133822352,45.196983927714165,43.50842983738587,45.14069747924805,25606900,0.0,0.0
2024-01-22 00:00:00-05:00,45.24388544392,45.900546331949954,45.1782197129684,45.52531051635742,19372200,0.0,0.0
2024-01-23 00:00:00-05:00,45.63788316227479,46.172591870579396,45.4033616734214,46.07878112792969,16422100,0.0,0.0
2024-01-24 00:00:00-05:00,46.31331133445663,46.98873449461548,46.20074200060169,46.42588424682617,17776000,0.0,0.0
2024-01-25 00:00:00-05:00,46.604118663340124,46.848019479655946,46.4352628756928,46.7917366027832,17979600,0.0,0.0
2024-01-26 00:00:00-05:00,46.754209778344226,47.37334644016421,46.68854403985683,47.204490661621094,19211100,0.0,0.0
2024-01-29 00:00:00-05:00,47.05438901963376,47.53281125834558,46.894916132901066,47.23262405395508,16725200,0.0,0.0
2024-01-30 00:00:00-05:00,47.495296370521075,48.09567085298277,47.485913506318376,48.02062225341797,14736800,0.0,0.0
2024-01-31 00:00:00-05:00,47.85177170244272,48.25514902281731,47.0543999269197,47.07316207885742,20394400,0.0,0.0
2024-02-01 00:00:00-05:00,47.063707724302446,47.20541041429458,45.23103954059579,46.03401184082031,27566100,0.35,0.0
2024-02-02 00:00:00-05:00,45.8167383267431,46.82754030669065,45.401082616556465,46.440223693847656,19329000,0.0,0.0
2024-02-05 00:00:00-05:00,45.92065156210343,46.21349850089271,45.5711228269441,46.005672454833984,14202700,0.0,0.0
2024-02-06 00:00:00-05:00,45.83562960626879,46.40243314222672,45.35384335742045,45.61835479736328,13926600,0.0,0.0
2024-02-07 00:00:00-05:00,45.769508648383784,45.91120774912801,44.82483356215769,45.797847747802734,15839600,0.0,0.0
2024-02-08 00:00:00-05:00,45.51444055344456,45.816736256951074,45.401080565541875,45.67503356933594,10839200,0.0,0.0
2024-02-09 00:00:00-05:00,45.55223276608542,45.59946579858337,44.84372646766799,45.401084899902344,16594000,0.0,0.0
2024-02-12 00:00:00-05:00,45.34440167422484,46.56303333409546,45.23104167906107,46.2135009765625,14101900,0.0,0.0
2024-02-13 00:00:00-05:00,45.72227289116402,46.0151198441138,44.95708481958871,45.57112503051758,13660100,0.0,0.0
2024-02-14 00:00:00-05:00,45.911200657480784,46.024564244944884,45.30660927226786,45.84507369995117,12683400,0.0,0.0
2024-02-15 00:00:00-05:00,46.03401664529583,49.54820912883858,45.93010180894276,49.160892486572266,46473600,0.0,0.0
2024-02-16 00:00:00-05:00,49.066421221378505,49.42539875248548,48.480723694366645,49.038082122802734,24359700,0.0,0.0
2024-02-20 00:00:00-05:00,48.65076387893623,49.349824984355735,48.43348905521578,48.905826568603516,19839100,0.0,0.0
2024-02-21 00:00:00-05:00,48.78302064482478,49.7654835947174,48.30123793873963,49.74658966064453,18562500,0.0,0.0
2024-02-22 00:00:00-05:00,49.90718321878447,50.92743037021633,49.83160748715658,50.41730499267578,20467900,0.0,0.0
2024-02-23 00:00:00-05:00,50.56845493206044,51.031347298195996,50.464540098622905,50.88019943237305,20863500,0.0,0.0
2024-02-26 00:00:00-05:00,50.77628400713044,51.54147209599352,50.710157041831714,51.13526153564453,18099900,0.0,0.0
2024-02-27 00:00:00-05:00,51.27696106448737,51.85321342723135,51.23917680088973,51.77764129638672,19548200,0.0,0.0
2024-02-28 00:00:00-05:00,51.711513256961716,52.35388896857774,51.55091662632075,51.69261932373047,20045200,0.0,0.0
2024-02-29 00:00:00-05:00,51.99491386624104,52.618399234102725,51.90044420223218,52.51448440551758,28335600,0.0,0.0
2024-03-01 00:00:00-05:00,52.33499886310965,52.66563368694915,51.8626613412536,52.01380920410156,17761000,0.0,0.0
2024-03-04 00:00:00-05:00,51.83432362382631,53.43082690755435,51.70206968157302,52.722320556640625,19483500,0.0,0.0
2024-03-05 00:00:00-05:00,52.6278448447691,53.94094255460429,52.363336990600644,53.468605041503906,21786100,0.0,0.0
2024-03-06 00:00:00-05:00,53.67644083765756,54.214905375866664,53.15687023457066,53.95039749145508,25418600,0.0,0.0
2024-03-07 00:00:00-05:00,53.89371435805898,54.48886068696932,53.72367254979888,53.84648132324219,18116300,0.0,0.0
2024-03-08 00:00:00-05:00,54.04486304126984,54.3566075622999,53.7331221238894,53.9126091003418,17872500,0.0,0.0
2024-03-11 00:00:00-04:00,53.63864891440961,54.17711341193166,53.39303498367912,53.93149948120117,16622000,0.0,0.0
2024-03-12 00:00:00-04:00,54.082649692930445,54.89507085878809,53.940946985899636,54.422733306884766,23622800,0.0,0.0
2024-03-13 00:00:00-04:00,54.432177086804245,55.206810363916276,54.432177086804245,54.62111282348633,17444900,0.0,0.0
2024-03-14 00:00:00-04:00,54.66834814928779,54.91396569836941,53.959841809755524,54.19601058959961,24851100,0.0,0.0
2024-03-15 00:00:00-04:00,53.71422191698667,55.07455264095647,53.71422191698667,54.3282585144043,40782800,0.0,0.0
2024-03-18 00:00:00-04:00,54.41328260609974,54.63056104347335,53.95039383971105,54.57387924194336,16376500,0.0,0.0
2024-03-19 00:00:00-04:00,54.46051775449348,54.73447077861297,53.77090180082737,53.85592269897461,14504800,0.0,0.0
2024-03-20 00:00:00-04:00,53.487495913755815,54.328256062379886,53.16630627908099,54.12987518310547,22841600,0.0,0.0
2024-03-21 00:00:00-04:00,54.40383447549909,54.90451108228302,54.27158054945422,54.64944839477539,18141700,0.0,0.0
2024-03-22 00:00:00-04:00,54.611671069668,54.810051983934,53.95984291758019,53.96929168701172,13736600,0.0,0.0
2024-03-25 00:00:00-04:00,53.92204999828043,54.158218745076724,53.25132801860566,53.59141159057617,15028200,0.0,0.0
2024-03-26 00:00:00-04:00,53.9787276337753,53.98817640159307,53.459157116918526,53.5441780090332,11445900,0.0,0.0
2024-03-27 00:00:00-04:00,53.260783361640534,54.45107240683111,53.260783361640534,54.422733306884766,13762800,0.0,0.0
2024-03-28 00:00:00-04:00,54.46995897619905,54.86672434004704,54.375492920051414,54.753360748291016,14619000,0.0,0.0
2024-04-01 00:00:00-04:00,54.6777960173505,54.6777960173505,54.092094858362714,54.422733306884766,11039500,0.0,0.0
2024-04-02 00:00:00-04:00,54.18656134787246,54.7911528022095,54.02596471576145,54.1771125793457,14632900,0.0,0.0
2024-04-03 00:00:00-04:00,54.03541865843371,54.753370178293856,53.70478019767405,53.96929168701172,13226500,0.0,0.0
2024-04-04 00:00:00-04:00,54.536086014605054,54.791148690949086,53.41192408877683,53.5441780090332,12361900,0.0,0.0
2024-04-05 00:00:00-04:00,53.49695350926347,54.432179867967676,53.44027170426791,54.2243537902832,11081000,0.0,0.0
2024-04-08 00:00:00-04:00,54.20546058861178,54.77226423163699,54.139333617047164,54.592777252197266,15308800,0.0,0.0
2024-04-09 00:00:00-04:00,54.50775010109001,54.78170672541651,53.723668094289856,54.39439010620117,10643800,0.0,0.0
2024-04-10 00:00:00-04:00,53.648095829535606,54.12987850932836,53.298563473736735,53.789794921875,16475200,0.0,0.0
2024-04-11 00:00:00-04:00,53.82758364213931,53.84647757548091,52.552273772600806,53.553627014160156,18995600,0.0,0.0
2024-04-12 00:00:00-04:00,52.873460991641274,53.8464750901017,52.27831473162365,53.34579849243164,27876700,0.0,0.0
2024-04-15 00:00:00-04:00,54.42272957090731,54.772258326299664,53.60086329603636,53.818138122558594,19407500,0.0,0.0
2024-04-16 00:00:00-04:00,53.75201208311942,53.808690280096656,52.58061342904871,53.289119720458984,25620000,0.0,0.0
2024-04-17 00:00:00-04:00,53.73311206074268,54.44161827186769,53.51583725510221,54.01651382446289,18867700,0.0,0.0
2024-04-18 00:00:00-04:00,54.441625395262456,55.85863800292098,54.054308759981765,55.49021530151367,24468500,0.0,0.0
2024-04-19 00:00:00-04:00,55.735825286228724,57.483472603744026,55.6035713621334,57.01113510131836,34334300,0.0,0.0
2024-04-22 00:00:00-04:00,57.058369232977086,58.088065087267985,57.001687437857306,57.71963882446289,21753400,0.0,0.0
2024-04-23 00:00:00-04:00,57.78576770578401,58.34312609689689,57.445687734699966,57.5684928894043,21731200,0.0,0.0
2024-04-24 00:00:00-04:00,57.24730682373047,57.577945254778435,56.72773626482577,57.24730682373047,19731600,0.0,0.0
2024-04-25 00:00:00-04:00,57.25674767482325,57.587382456501544,56.302623984296446,56.6143684387207,24002500,0.0,0.0
2024-04-26 00:00:00-04:00,56.472673107533254,57.086713329010635,56.094805251250435,56.595481872558594,18785900,0.0,0.0
2024-04-29 00:00:00-04:00,56.54824368456446,56.96389936966832,56.07590620454457,56.49156188964844,15338400,0.0,0.0
2024-04-30 00:00:00-04:00,56.30263577992803,56.671062104247746,56.01923396430868,56.03812789916992,18007700,0.0,0.0
2024-05-01 00:00:00-04:00,56.28374020995243,56.822204690605005,56.04757145164343,56.22705841064453,16365400,0.0,0.0
2024-05-02 00:00:00-04:00,56.793861925587805,56.82220462703468,56.03812262057435,56.5199089050293,15329500,0.0,0.0
2024-05-03 00:00:00-04:00,56.70883451642917,56.926109316441874,55.849180480009856,56.62381362915039,17298500,0.0,0.0
2024-05-06 00:00:00-04:00,57.12450062703868,57.511817247971045,56.529354344847725,56.859989166259766,16240100,0.0,0.0
2024-05-07 00:00:00-04:00,56.94501087680259,57.2567553731417,56.73718481622585,56.926116943359375,16268200,0.0,0.0
2024-05-08 00:00:00-04:00,56.822205820642516,58.03138873406415,56.7749691851219,57.84245300292969,18718400,0.0,0.0
2024-05-09 00:00:00-04:00,57.709441533905384,58.3080057199109,57.462411937842624,58.222496032714844,14224300,0.35,0.0
2024-05-10 00:00:00-04:00,58.39351330770966,58.87806939252187,58.39351330770966,58.802059173583984,14428200,0.0,0.0
2024-05-13 00:00:00-04:00,58.868562268904476,59.0680836433938,58.15598282484275,58.203487396240234,15203500,0.0,0.0
2024-05-14 00:00:00-04:00,58.48852608138202,58.89707194725634,57.97546797665146,58.802059173583984,14499600,0.0,0.0
2024-05-15 00:00:00-04:00,59.09659617794272,59.429131840874,58.783059446293024,59.229610443115234,17489600,0.0,0.0
2024-05-16 00:00:00-04:00,59.33411636580022,59.36261838405302,57.927960016920004,58.01346969604492,21104100,0.0,0.0
2024-05-17 00:00:00-04:00,58.34600376864981,58.55502822857729,57.851948260690754,58.032470703125,15795800,0.0,0.0
2024-05-20 00:00:00-04:00,57.93745717181796,58.70704425326189,57.56691645183745,57.67142868041992,15029000,0.0,0.0
2024-05-21 00:00:00-04:00,57.78544547785315,58.621539756004765,57.74744036876292,58.39351272583008,18422100,0.0,0.0
2024-05-22 00:00:00-04:00,58.24149946226153,58.38401681784957,57.49091482164942,57.88996124267578,10340500,0.0,0.0
2024-05-23 00:00:00-04:00,57.718940882675426,57.74744290356084,56.398294090937604,56.702327728271484,13056100,0.0,0.0
2024-05-24 00:00:00-04:00,57.044370545126824,57.37690622706465,56.88285062506623,57.20588684082031,9913000,0.0,0.0
2024-05-28 00:00:00-04:00,56.977855916544634,57.177377299471644,56.23677079881103,56.51230239868164,11276300,0.0,0.0
2024-05-29 00:00:00-04:00,55.932741109694184,55.99924824200942,55.50519267026275,55.818729400634766,12835000,0.0,0.0
2024-05-30 00:00:00-04:00,55.8852346911537,56.426794821796484,55.676210211127795,56.255775451660156,13580800,0.0,0.0
2024-05-31 00:00:00-04:00,56.31278451592191,56.996862013467215,56.02775343340032,56.93035125732422,25386600,0.0,0.0
2024-06-03 00:00:00-04:00,57.196379423896985,57.196379423896985,55.676207715748156,56.37928771972656,13206500,0.0,0.0
2024-06-04 00:00:00-04:00,55.88523286245991,56.51230265765169,55.429182431808314,55.77122116088867,12520700,0.0,0.0
2024-06-05 00:00:00-04:00,55.92323952309492,55.9802435632792,55.2296625807078,55.752220153808594,11199100,0.0,0.0
2024-06-06 00:00:00-04:00,55.84723142830324,56.056255915242225,54.631096866549626,54.8496208190918,18587400,0.0,0.0
2024-06-07 00:00:00-04:00,54.69759661813269,55.75221475175671,54.69759661813269,55.44818115234375,14466700,0.0,0.0
2024-06-10 00:00:00-04:00,55.011128874858066,55.229652780310225,54.50757032159638,55.03963088989258,12787500,0.0,0.0
2024-06-11 00:00:00-04:00,54.86862483003965,54.86862483003965,53.69049172381603,54.27956008911133,19197800,0.0,0.0
2024-06-12 00:00:00-04:00,55.37217007870318,55.53368996458412,54.30805249731572,54.44106674194336,16929800,0.0,0.0
2024-06-13 00:00:00-04:00,54.583586496312385,54.745102764991486,53.86150395863767,54.412567138671875,15963700,0.0,0.0
2024-06-14 00:00:00-04:00,54.146539925183866,54.735604601971794,53.794998112582,54.53608322143555,15375400,0.0,0.0
2024-06-17 00:00:00-04:00,54.35556721119746,55.34367839050696,54.22255294174561,55.33417892456055,18361100,0.0,0.0
2024-06-18 00:00:00-04:00,55.30567056371521,56.103759765625,55.01114001706012,56.103759765625,15547400,0.0,0.0
2024-06-20 00:00:00-04:00,55.809228653968894,56.246276548970265,55.66671130264085,56.01824951171875,11985500,0.0,0.0
2024-06-21 00:00:00-04:00,55.39118236707473,55.543199191134555,54.460078866662414,55.2011604309082,62732600,0.0,0.0
2024-06-24 00:00:00-04:00,55.571698220973445,56.4932985214489,55.36267375364024,56.06575012207031,16198300,0.0,0.0
2024-06-25 00:00:00-04:00,55.8377277757059,56.056251711862046,54.32705915239462,54.34606170654297,26726900,0.0,0.0
2024-06-26 00:00:00-04:00,54.36506762124703,54.91612722814637,53.994526853365834,54.16554260253906,30425700,0.0,0.0
2024-06-27 00:00:00-04:00,53.59547502534473,54.602588609509304,53.519468436098876,54.55508041381836,13832200,0.0,0.0
2024-06-28 00:00:00-04:00,55.19165885809274,56.48380362545641,55.19165885809274,56.426795959472656,31074500,0.0,0.0
2024-07-01 00:00:00-04:00,56.635817812521225,57.585923788575954,56.597812703631035,57.56692123413086,14470200,0.0,0.0
2024-07-02 00:00:00-04:00,57.47191281745162,58.12748464449782,57.139373546981766,57.92796325683594,9543700,0.0,0.0
2024-07-03 00:00:00-04:00,57.95646283358556,58.08947708641973,57.158373692213985,57.633426666259766,6698800,0.0,0.0
2024-07-05 00:00:00-04:00,57.48141521943948,57.63343204033439,56.160768408346094,56.645320892333984,11436300,0.0,0.0
2024-07-08 00:00:00-04:00,56.97785458220014,57.395899892500005,55.733214491646166,56.06575012207031,12480000,0.0,0.0
2024-07-09 00:00:00-04:00,56.13226139163478,57.405399888099296,55.9802409599018,56.8923454284668,12233800,0.0,0.0
2024-07-10 00:00:00-04:00,56.569306574519345,56.99685495755692,56.41728977436892,56.740325927734375,12097200,0.0,0.0
2024-07-11 00:00:00-04:00,56.43629961323252,57.680936192529416,56.32228428012578,57.15837860107422,16852800,0.0,0.0
2024-07-12 00:00:00-04:00,53.39595416370746,54.08002797095248,52.82588842924235,53.718990325927734,53042800,0.0,0.0
2024-07-15 00:00:00-04:00,54.20354842706847,55.33417692529274,54.194048961465285,54.8496208190918,27277300,0.0,0.0
2024-07-16 00:00:00-04:00,55.14414886540634,57.595420272061425,54.65959281305721,57.23438262939453,25577300,0.0,0.0
2024-07-17 00:00:00-04:00,57.158376919594794,57.956466106029545,56.90184786420147,57.87095642089844,17371100,0.0,0.0
2024-07-18 00:00:00-04:00,57.59542639320969,57.78544832365229,56.04675617736464,56.28428268432617,17739000,0.0,0.0
2024-07-19 00:00:00-04:00,56.3412835870343,56.78783455503731,56.16076475657422,56.274776458740234,12362800,0.0,0.0
2024-07-22 00:00:00-04:00,56.30327790584102,56.426792696145846,55.61920407543219,56.189266204833984,13638600,0.0,0.0
2024-07-23 00:00:00-04:00,56.24627416125655,56.920848530257075,56.09425735099775,56.69282150268555,10927800,0.0,0.0
2024-07-24 00:00:00-04:00,56.78783711004305,57.205882453038306,56.40779325323513,56.474300384521484,10777100,0.0,0.0
2024-07-25 00:00:00-04:00,56.5883182814463,57.6999406327963,56.48380603486803,56.72133255004883,14119600,0.0,0.0
2024-07-26 00:00:00-04:00,56.86384161869754,57.433907382976145,56.597813103320874,57.37689971923828,12538900,0.0,0.0
2024-07-29 00:00:00-04:00,57.70943695103059,57.79494663143607,56.38878663713117,56.61681365966797,8986200,0.0,0.0
2024-07-30 00:00:00-04:00,57.44340226484037,57.69993129464304,56.901842187823554,57.01585388183594,11503900,0.0,0.0
2024-07-31 00:00:00-04:00,56.835338144861225,57.12036920752457,56.24627346544144,56.37928771972656,11535800,0.0,0.0
2024-08-01 00:00:00-04:00,56.30328000658764,56.37929022633946,53.69999159432303,54.042030334472656,17752700,0.0,0.0
2024-08-02 00:00:00-04:00,52.42684739528806,52.797388141432926,50.16559418563564,50.60264205932617,27642600,0.0,0.0
2024-08-05 00:00:00-04:00,48.74043323720443,49.78555192952968,47.6478135978596,49.5195198059082,28594000,0.0,0.0
2024-08-06 00:00:00-04:00,49.671536935447755,50.317609258770574,49.45301300614246,49.7475471496582,18723500,0.0,0.0
2024-08-07 00:00:00-04:00,50.49813342630548,50.821169598975914,49.5480274624944,49.6810417175293,18407500,0.0,0.0
2024-08-08 00:00:00-04:00,50.3271151908342,50.65965083587444,50.02308156554979,50.12759017944336,16176000,0.0,0.0
2024-08-09 00:00:00-04:00,50.070149515595816,50.577555051199255,49.84995617646989,50.510536193847656,11669000,0.4,0.0
2024-08-12 00:00:00-04:00,50.6541397324,51.19026499973746,49.47658220333351,49.84038162231445,18090100,0.0,0.0
2024-08-13 00:00:00-04:00,50.12759058669029,50.702007651487556,49.601041001950364,50.6158447265625,12268600,0.0,0.0
2024-08-14 00:00:00-04:00,50.7690214079381,51.48704454451073,50.472240848802976,51.372161865234375,13217200,0.0,0.0
2024-08-15 00:00:00-04:00,52.176347227070885,52.817779467518456,52.109332027383964,52.24336242675781,16549400,0.0,0.0
2024-08-16 00:00:00-04:00,52.444405520113804,53.06669366125136,52.28165537209419,52.9709587097168,19173900,0.0,0.0
2024-08-19 00:00:00-04:00,52.990110019565094,54.05278492626476,52.90394709058796,54.043212890625,12792900,0.0,0.0
2024-08-20 00:00:00-04:00,53.641110380424905,54.301693959375676,53.53579974308178,53.75599670410156,12533500,0.0,0.0
2024-08-21 00:00:00-04:00,54.03363737138111,54.04321305910553,52.84650773738953,53.095420837402344,13691700,0.0,0.0
2024-08-22 00:00:00-04:00,53.32518360888223,53.96661583306983,53.28688816658776,53.5740966796875,15683000,0.0,0.0
2024-08-23 00:00:00-04:00,54.01448635266005,54.952706481454506,53.91875139358532,54.28255081176758,17074400,0.0,0.0
2024-08-26 00:00:00-04:00,54.58890913220509,54.713367505362925,54.12937473753163,54.301700592041016,9478800,0.0,0.0
2024-08-27 00:00:00-04:00,54.29212367805485,54.49316928642252,53.76557409097325,53.86130905151367,7638500,0.0,0.0
2024-08-28 00:00:00-04:00,53.669835963955215,54.914408637825105,53.64111255584403,54.63677215576172,11905200,0.0,0.0
2024-08-29 00:00:00-04:00,54.86654295533754,55.30692960553569,54.100648682926526,54.90483474731445,9283300,0.0,0.0
2024-08-30 00:00:00-04:00,55.000576953893365,56.082399580168186,54.93356174848344,55.977088928222656,20377300,0.0,0.0
2024-09-03 00:00:00-04:00,56.12068487660554,56.436616795861326,55.43138517905044,55.881343841552734,15933600,0.0,0.0
2024-09-04 00:00:00-04:00,55.996233301591175,56.48448743351928,55.259062434127515,55.642005920410156,10985800,0.0,0.0
2024-09-05 00:00:00-04:00,56.120681530478386,56.17812469020565,54.1293661366371,54.43572235107422,18301000,0.0,0.0
2024-09-06 00:00:00-04:00,54.26340248502189,54.3591374430301,51.40088195510018,51.69766616821289,21853800,0.0,0.0
2024-09-09 00:00:00-04:00,52.39654261168461,52.73162227537264,52.10933407999103,52.26251220703125,17134800,0.0,0.0
2024-09-10 00:00:00-04:00,53.612391267871715,53.708126220028326,51.104098270414354,51.64979553222656,24650000,0.0,0.0
2024-09-11 00:00:00-04:00,51.42961024560661,51.563640660361465,50.19460944898566,51.43918228149414,17322000,0.0,0.0
2024-09-12 00:00:00-04:00,51.439183605622496,52.023176415277185,48.07883650614328,49.37127685546875,42594200,0.0,0.0
2024-09-13 00:00:00-04:00,49.64890883355756,50.77859890077188,49.54359818545298,50.52968215942383,24762000,0.0,0.0
2024-09-16 00:00:00-04:00,50.55841120937929,51.630658228500444,50.55841120937929,51.49662780761719,18066200,0.0,0.0
2024-09-17 00:00:00-04:00,51.66894682507059,52.72204597981397,51.66894682507059,52.18592071533203,15885200,0.0,0.0
2024-09-18 00:00:00-04:00,52.138060204081334,52.83693572229487,51.79340846314204,51.94658660888672,20109000,0.0,0.0
2024-09-19 00:00:00-04:00,52.664602735493105,53.62196693004677,52.319954693179625,53.420921325683594,21399000,0.0,0.0
2024-09-20 00:00:00-04:00,52.99010525175768,53.89002990722656,52.54014657607772,53.89002990722656,45276000,0.0,0.0
2024-09-23 00:00:00-04:00,53.861312177311504,54.110228932449715,52.55929983894919,52.760345458984375,14759300,0.0,0.0
2024-09-24 00:00:00-04:00,52.769914099705964,52.8369293020728,51.49662160268159,51.85084533691406,16365600,0.0,0.0
2024-09-25 00:00:00-04:00,51.96572730118003,52.01359843254167,51.132821474662485,51.32429504394531,10555700,0.0,0.0
2024-09-26 00:00:00-04:00,51.73596292570061,54.675070766235486,51.04665952396709,53.98576736450195,34463400,0.0,0.0
2024-09-27 00:00:00-04:00,54.205962368615374,54.205962368615374,53.420923982207235,53.51666259765625,13530400,0.0,0.0
2024-09-30 00:00:00-04:00,53.286887030653645,54.11022076216151,53.11456119605645,54.08150100708008,16284200,0.0,0.0
2024-10-01 00:00:00-04:00,53.61240085850317,53.64112061887692,52.84651014807841,53.02840805053711,11069400,0.0,0.0
2024-10-02 00:00:00-04:00,52.970961262491954,53.43049562570146,52.57843844694262,52.942237854003906,9007200,0.0,0.0
2024-10-03 00:00:00-04:00,52.731621942628976,52.856076659276276,52.09018602890807,52.63588333129883,8135300,0.0,0.0
2024-10-04 00:00:00-04:00,53.60282283810561,54.69421743512301,53.593247151013415,54.531463623046875,14582800,0.0,0.0
2024-10-07 00:00:00-04:00,54.78995374067222,55.17290088857372,54.37828683489724,54.722938537597656,11177800,0.0,0.0
2024-10-08 00:00:00-04:00,55.795180523778015,55.795180523778015,54.82824435598461,54.856964111328125,12073000,0.0,0.0
2024-10-09 00:00:00-04:00,54.876117287490466,55.26863647510783,54.636776230356595,55.08673858642578,12415300,0.0,0.0
2024-10-10 00:00:00-04:00,55.25906100530516,55.90049324557185,54.904833633283324,55.28778076171875,12744000,0.0,0.0
2024-10-11 00:00:00-04:00,57.40355325539815,59.08851619568083,57.36525781310664,58.38964080810547,37049200,0.0,0.0
2024-10-14 00:00:00-04:00,58.65770068944826,60.649016180987154,58.34176877352932,59.5097541809082,30758800,0.0,0.0
2024-10-15 00:00:00-04:00,60.22778394023273,61.09898524890411,59.576775967593164,60.34266662597656,24693400,0.0,0.0
2024-10-16 00:00:00-04:00,60.5437120290463,61.347898082063956,60.428825698576276,61.16599655151367,17412600,0.0,0.0
2024-10-17 00:00:00-04:00,61.74041195913826,61.96060892734195,60.79262349623715,61.635101318359375,15073500,0.0,0.0
2024-10-18 00:00:00-04:00,61.663834115752735,62.01805420941359,61.10856110436447,61.615962982177734,19234000,0.0,0.0
2024-10-21 00:00:00-04:00,61.73084883844788,61.931894450496536,61.1947199022087,61.29045486450195,15603400,0.0,0.0
2024-10-22 00:00:00-04:00,61.29044586572073,62.42971147083669,61.27130179771662,62.0467643737793,26164900,0.0,0.0
2024-10-23 00:00:00-04:00,62.00847587236158,62.27654398317422,61.13727825057533,61.807430267333984,18380900,0.0,0.0
2024-10-24 00:00:00-04:00,61.855304325297354,62.774373122095184,61.58724350591167,62.640342712402344,18393300,0.0,0.0
2024-10-25 00:00:00-04:00,63.04243762343311,63.138172592503686,61.51065620597403,61.778717041015625,14855500,0.0,0.0
2024-10-28 00:00:00-04:00,62.22867508082321,62.946698254832704,62.046773539425786,62.81266784667969,16158900,0.0,0.0
2024-10-29 00:00:00-04:00,62.69778245414025,63.18604026497482,62.458441392530496,62.51588821411133,13205500,0.0,0.0
2024-10-30 00:00:00-04:00,62.353136228175735,63.56899301845014,62.353136228175735,62.6212043762207,16021700,0.0,0.0
2024-10-31 00:00:00-04:00,62.3244025544117,62.94669069126876,61.87444025077492,62.152076721191406,12963200,0.0,0.0
2024-11-01 00:00:00-04:00,62.43929890223906,62.78395062401171,61.86488180065455,61.92232131958008,13313900,0.0,0.0
2024-11-04 00:00:00-05:00,61.80743435323326,61.89360093486082,60.3618159260183,60.98410415649414,12607400,0.0,0.0
2024-11-05 00:00:00-05:00,61.27131410754481,61.74999624901,60.90751465745589,61.33832931518555,13447200,0.0,0.0
2024-11-06 00:00:00-05:00,70.17479434766543,71.10343142753798,66.96761863702272,69.38018035888672,63689100,0.0,0.0
2024-11-07 00:00:00-05:00,68.58556494208479,68.61428469701468,66.76657165406897,66.8431625366211,18681200,0.0,0.0
2024-11-08 00:00:00-05:00,67.41126978800581,67.52681075317004,66.78539595731552,67.44015502929688,14270900,0.4,0.0
2024-11-11 00:00:00-05:00,68.38377826205932,70.53100527265202,68.38377826205932,69.86661529541016,17117800,0.0,0.0
2024-11-12 00:00:00-05:00,70.07844727685564,70.64655063777917,69.43331905281698,69.9051284790039,17848200,0.0,0.0
2024-11-13 00:00:00-05:00,70.04956275924295,71.2146473888841,69.96290703251894,70.06881713867188,18823000,0.0,0.0
2024-11-14 00:00:00-05:00,70.14584164274896,70.74283018620461,69.8184658050506,70.09770202636719,13654800,0.0,0.0
2024-11-15 00:00:00-05:00,70.29028698183436,71.64795221546593,70.18436952334412,71.5805435180664,18837000,0.0,0.0
2024-11-18 00:00:00-05:00,71.73460543805227,71.9271786215552,70.98355973771639,71.3398208618164,18439600,0.0,0.0
2024-11-19 00:00:00-05:00,70.88728012902321,71.40723659113694,70.41546329442939,70.70433044433594,15412900,0.0,0.0
2024-11-20 00:00:00-05:00,70.93540297016538,71.04132041032003,69.7414332357435,70.84874725341797,14415400,0.0,0.0
2024-11-21 00:00:00-05:00,71.19538226974333,73.2174297297689,71.19538226974333,72.0523452758789,20068200,0.0,0.0
2024-11-22 00:00:00-05:00,71.80200789620082,73.25595969655768,71.78275351603148,73.14041137695312,14997400,0.0,0.0
2024-11-25 00:00:00-05:00,73.3715037240463,74.44030184973944,73.15004528499796,74.04552459716797,28636600,0.0,0.0
2024-11-26 00:00:00-05:00,74.62323908688327,75.22985115999151,73.52555589962344,74.47880554199219,19139100,0.0,0.0
2024-11-27 00:00:00-05:00,74.49807381983695,74.90248190415313,73.5929637153423,74.34400939941406,19793900,0.0,0.0
2024-11-29 00:00:00-05:00,74.80620362136715,75.14321039572033,73.31373560412149,73.34262084960938,9785000,0.0,0.0
2024-12-02 00:00:00-05:00,74.09365791932183,74.09365791932183,72.02347054294165,72.48564910888672,18274500,0.0,0.0
2024-12-03 00:00:00-05:00,72.99597887436171,73.03449498145606,71.27242164942008,71.38796997070312,15047900,0.0,0.0
2024-12-04 00:00:00-05:00,71.30131777684744,71.493890975677,70.0110538368601,70.34806060791016,14301100,0.0,0.0
2024-12-05 00:00:00-05:00,70.67543786519876,71.84052251552323,70.38657074526547,70.92578887939453,17766700,0.0,0.0
2024-12-06 00:00:00-05:00,71.24353200518546,71.9464380603978,70.99318834382946,71.57091522216797,14798100,0.0,0.0
2024-12-09 00:00:00-05:00,71.55166374628806,71.78276040768408,69.7318197784265,69.92440032958984,15517500,0.0,0.0
2024-12-10 00:00:00-05:00,70.77171544784491,70.77171544784491,69.23110814543016,69.37554168701172,12277100,0.0,0.0
2024-12-11 00:00:00-05:00,69.89549516505461,70.21324750767187,68.79781193255464,68.94224548339844,11867400,0.0,0.0
2024-12-12 00:00:00-05:00,69.21184129589604,69.38516006371843,68.16230517411208,68.17193603515625,12446700,0.0,0.0
2024-12-13 00:00:00-05:00,68.22007929359646,68.41265979379848,67.42088674669664,67.82530212402344,16794500,0.0,0.0
2024-12-16 00:00:00-05:00,67.85419943131485,69.60664189077735,67.22832555017905,69.30815124511719,24602500,0.0,0.0
2024-12-17 00:00:00-05:00,68.41266859040641,68.88447802072625,67.76753301452075,68.18157196044922,15595900,0.0,0.0
2024-12-18 00:00:00-05:00,67.98899192540382,68.84595497303692,66.06323094713706,66.2076644897461,21201200,0.0,0.0
2024-12-19 00:00:00-05:00,66.82392173259032,68.06603871124808,66.1210155925945,66.2943344116211,16444600,0.0,0.0
2024-12-20 00:00:00-05:00,66.60245060471527,68.40304000556665,66.2172968881561,67.72901916503906,50113400,0.0,0.0
2024-12-23 00:00:00-05:00,67.13203852113654,68.06603390515346,67.03575192763087,67.92160034179688,11817000,0.0,0.0
2024-12-24 00:00:00-05:00,68.04677634844627,68.93262481689453,67.92160450383835,68.93262481689453,4442700,0.0,0.0
2024-12-26 00:00:00-05:00,68.7785611174822,69.1733383409671,68.47043962127596,69.0963134765625,6964300,0.0,0.0
2024-12-27 00:00:00-05:00,68.53783744044786,69.07704819449944,68.00825020257894,68.4704360961914,7219500,0.0,0.0
2024-12-30 00:00:00-05:00,67.79641723632812,68.1719400309214,67.18016697868802,67.79641723632812,8443800,0.0,0.0
2024-12-31 00:00:00-05:00,67.91196482101319,68.2874876522683,67.45940978175813,67.63272857666016,7031500,0.0,0.0
2025-01-02 00:00:00-05:00,67.86383099475624,68.56672975072985,67.17055575595748,67.5845947265625,8303300,0.0,0.0
2025-01-03 00:00:00-05:00,67.73864519745037,68.76892709170998,67.15128747447852,68.66300964355469,9152800,0.0,0.0
2025-01-06 00:00:00-05:00,69.2600061279039,70.53100830452671,68.87485239488564,69.35629272460938,15565600,0.0,0.0
2025-01-07 00:00:00-05:00,70.26140486576357,70.41546195557356,68.85559994508786,68.93262481689453,13522000,0.0,0.0
2025-01-08 00:00:00-05:00,68.85558249054894,69.40442404884995,68.42228188376724,68.9133529663086,16544700,0.0,0.0
2025-01-10 00:00:00-05:00,68.26822335026857,68.29710858752102,66.76612489738928,67.36311340332031,14466600,0.0,0.0
2025-01-13 00:00:00-05:00,67.30534474981161,67.9889889859965,66.97796157763872,67.91195678710938,10439800,0.0,0.0
2025-01-14 00:00:00-05:00,68.8074446142096,68.8074446142096,67.68087611099332,68.54747009277344,21909800,0.0,0.0
2025-01-15 00:00:00-05:00,72.56268701866381,73.96849189865438,70.91616197402696,73.13078308105469,33482900,0.0,0.0
2025-01-16 00:00:00-05:00,73.03449648443546,73.60259989302278,71.91755874049898,73.13078308105469,22897900,0.0,0.0
2025-01-17 00:00:00-05:00,73.15966679662309,74.38252185235518,72.69748090424358,74.21883392333984,20673700,0.0,0.0
2025-01-21 00:00:00-05:00,74.80619378341832,75.38392065578789,74.45955619075743,74.96025085449219,21057700,0.0,0.0
2025-01-22 00:00:00-05:00,74.690643663842,74.92173293796107,74.00699935768455,74.66175842285156,11669500,0.0,0.0
2025-01-23 00:00:00-05:00,74.825452567868,75.39355595725242,74.17069344831432,74.55584716796875,12981800,0.0,0.0
2025-01-24 00:00:00-05:00,74.1417915874775,74.76766532336394,74.1417915874775,74.44991302490234,10393200,0.0,0.0
2025-01-27 00:00:00-05:00,74.52695676337704,75.14319973366909,74.0358856211708,75.04691314697266,10637100,0.0,0.0
2025-01-28 00:00:00-05:00,74.97951222580039,75.24911760855377,74.30549142272122,74.9891357421875,11562000,0.0,0.0
2025-01-29 00:00:00-05:00,74.86396416199861,76.04831049296472,74.72916147017428,75.46095275878906,9175400,0.0,0.0
2025-01-30 00:00:00-05:00,76.21200132501441,76.29865705325624,75.18171937191747,75.89424896240234,11276000,0.0,0.0
2025-01-31 00:00:00-05:00,75.76907491948933,76.34680179618007,75.40317559883508,75.87499237060547,14980600,0.0,0.0
2025-02-03 00:00:00-05:00,74.36326920098877,75.59575514769882,74.16105781786679,75.23948669433594,12395200,0.0,0.0
2025-02-04 00:00:00-05:00,76.87637981638217,76.88601067884582,75.52835291929584,76.5201187133789,14665200,0.0,0.0
2025-02-05 00:00:00-05:00,76.70306756905325,77.367450148202,76.24088167616253,77.0785903930664,17931000,0.0,0.0
2025-02-06 00:00:00-05:00,77.51188721914279,78.474767805716,76.94379119923863,78.39773559570312,16988900,0.0,0.0
2025-02-07 00:00:00-05:00,78.63964594709668,78.6686811809235,76.53020261936385,78.05906677246094,17951400,0.4,0.0
2025-02-10 00:00:00-05:00,77.8558622074621,77.96230258106037,75.71739108942644,76.53987884521484,18357400,0.0,0.0
2025-02-11 00:00:00-05:00,76.22055625629933,77.3817219325153,75.29162814480519,77.0624008178711,16682800,0.0,0.0
2025-02-12 00:00:00-05:00,76.63663577742152,77.13980976185152,76.27861580105898,76.68502044677734,13440500,0.0,0.0
2025-02-13 00:00:00-05:00,76.85920337623878,77.0817625443095,76.06574343577796,76.2979736328125,10093400,0.0,0.0
2025-02-14 00:00:00-05:00,76.66567739225984,77.73974479324623,76.33667785466622,77.39140319824219,17521300,0.0,0.0
2025-02-18 00:00:00-05:00,77.40107240535968,78.33000052925958,76.91725521275781,78.1655044555664,15318300,0.0,0.0
2025-02-19 00:00:00-05:00,77.72039231610506,78.03971343004994,77.38172176304127,77.74942016601562,13917400,0.0,0.0
2025-02-20 00:00:00-05:00,77.51719280545133,77.68168888257412,75.49483305932911,76.08509063720703,14807100,0.0,0.0
2025-02-21 00:00:00-05:00,76.35603679789891,76.8785528961509,74.8271726190383,74.99166870117188,18205400,0.0,0.0
2025-02-24 00:00:00-05:00,75.44645948233516,75.97865400201131,73.93695209802934,74.72073364257812,12989700,0.0,0.0
2025-02-25 00:00:00-05:00,75.34969352767114,75.5141896041896,72.50484602392183,73.54021453857422,15683000,0.0,0.0
2025-02-26 00:00:00-05:00,73.87887738967437,75.25291632502066,73.80146487381896,73.97563934326172,13466800,0.0,0.0
2025-02-27 00:00:00-05:00,74.4981719884487,75.39807229506891,73.90791440117822,74.14015197753906,13744400,0.0,0.0
2025-02-28 00:00:00-05:00,74.54655488456255,75.88188769569878,74.11111497611964,75.78512573242188,24698800,0.0,0.0
2025-03-03 00:00:00-05:00,76.30763768694634,76.42375645484827,73.849845801498,74.536865234375,18013400,0.0,0.0
2025-03-04 00:00:00-05:00,73.02736170223291,73.20153617129306,69.03102732392632,70.92759704589844,28858200,0.0,0.0
2025-03-05 00:00:00-05:00,70.84051611152199,72.21455523764509,70.09544084474012,71.75977325439453,20422000,0.0,0.0
2025-03-06 00:00:00-05:00,71.40173996459882,71.49850192363749,69.31164621353531,70.29863739013672,19460400,0.0,0.0
2025-03-07 00:00:00-05:00,69.91159333428257,69.91159333428257,65.8959086420487,68.75043487548828,21256900,0.0,0.0
2025-03-10 00:00:00-04:00,67.29897315607525,67.29897315607525,63.39940045705608,64.61862182617188,27582900,0.0,0.0
2025-03-11 00:00:00-04:00,64.66700736252297,65.80881622578599,63.660666721811126,65.1024398803711,24310700,0.0,0.0
2025-03-12 00:00:00-04:00,66.5732458374657,67.24090851492336,65.50884215281808,66.69903564453125,18462300,0.0,0.0
2025-03-13 00:00:00-04:00,67.37637786656126,67.4634687978911,66.0991008059499,66.24424743652344,17471500,0.0,0.0
2025-03-14 00:00:00-04:00,67.21188123570273,68.76977313375414,67.00867890758266,68.55689239501953,15762300,0.0,0.0
2025-03-17 00:00:00-04:00,68.18919072491677,69.24390857487259,67.81181393617442,68.54721069335938,11185000,0.0,0.0
2025-03-18 00:00:00-04:00,68.71171735044832,69.16650667673736,68.11178139497665,68.80847930908203,11102100,0.0,0.0
2025-03-19 00:00:00-04:00,68.83750481976122,71.44044349862233,68.53754054344839,70.40507507324219,14453200,0.0,0.0
2025-03-20 00:00:00-04:00,69.51485979903627,70.99534680367874,69.45680409070476,70.1728515625,12388300,0.0,0.0
2025-03-21 00:00:00-04:00,69.63097859816473,70.42443860271227,68.8471970058276,70.1728515625,32647100,0.0,0.0
2025-03-24 00:00:00-04:00,71.25659199520891,72.11778596465207,70.96629874108608,71.8758773803711,10688900,0.0,0.0
2025-03-25 00:00:00-04:00,72.05972496195801,72.24357783486529,71.44043962238605,71.83716583251953,9499100,0.0,0.0
2025-03-26 00:00:00-04:00,71.98232394579276,72.94027995493634,70.75343148012087,71.09210205078125,10848100,0.0,0.0
2025-03-27 00:00:00-04:00,71.18884651557651,71.18884651557651,69.88254184561428,69.94059753417969,10457600,0.0,0.0
2025-03-28 00:00:00-04:00,69.93093343173653,70.20187725955165,67.68602196423383,68.4020767211914,13555200,0.0,0.0
2025-03-31 00:00:00-04:00,67.63764053440127,69.73740523980106,67.30864102628267,69.46646881103516,14855300,0.0,0.0
2025-04-01 00:00:00-04:00,68.54721718269344,69.31164924269646,67.8408482066226,69.00200653076172,10661000,0.0,0.0
2025-04-02 00:00:00-04:00,68.2762742693554,70.12445933740845,67.9472821488962,69.92125701904297,8854100,0.0,0.0
2025-04-03 00:00:00-04:00,65.58624929484428,66.4958278662541,63.29296081176892,63.54454040527344,25880300,0.0,0.0
2025-04-04 00:00:00-04:00,60.719053205643775,61.51251304785323,57.77744400508425,59.00634002685547,31050800,0.0,0.0
2025-04-07 00:00:00-04:00,58.72572335812063,62.24791525197585,56.52919309082929,60.15782165527344,41305800,0.0,0.0
2025-04-08 00:00:00-04:00,62.596261911113565,63.505833084821106,58.90957409470416,60.070735931396484,27374200,0.0,0.0
2025-04-09 00:00:00-04:00,58.677354451485805,65.01536326736179,57.50651761309204,64.18319702148438,42744800,0.0,0.0
2025-04-10 00:00:00-04:00,62.84784939846592,62.89623406996703,59.49983905433097,61.067405700683594,29026000,0.0,0.0
2025-04-11 00:00:00-04:00,59.548221188299756,61.560898798092005,57.71939278358422,60.48682403564453,33867000,0.0,0.0
2025-04-14 00:00:00-04:00,61.115787205280824,61.93827864183761,60.38038670168034,61.0577278137207,28057800,0.0,0.0
2025-04-15 00:00:00-04:00,61.38672227654297,63.30263786037105,61.25125405716606,62.45112228393555,20903300,0.0,0.0
2025-04-16 00:00:00-04:00,61.82216110856607,62.87688644145435,61.31899077856913,61.90924835205078,17351000,0.0,0.0
2025-04-17 00:00:00-04:00,62.29629095268628,63.5832462892771,61.99632669470779,62.6156120300293,18961800,0.0,0.0
2025-04-21 00:00:00-04:00,62.12212370878536,63.05105920216555,61.34802064092104,61.93827819824219,17859100,0.0,0.0
2025-04-22 00:00:00-04:00,62.615624900097096,64.26060790840765,62.615624900097096,64.08643341064453,17536600,0.0,0.0
2025-04-23 00:00:00-04:00,65.25727162767618,67.25059629207396,65.25727162767618,65.7410888671875,20678800,0.0,0.0
2025-04-24 00:00:00-04:00,65.50884656367289,67.58926202038467,65.31532263477793,67.30864715576172,18420900,0.0,0.0
2025-04-25 00:00:00-04:00,66.83450989223482,67.91826311326425,66.76677577732454,67.47315216064453,17775900,0.0,0.0
2025-04-28 00:00:00-04:00,67.55055976783744,68.2762856179688,66.447457066235,67.182861328125,16694100,0.0,0.0
2025-04-29 00:00:00-04:00,66.71838977391538,69.03103542867417,66.71838977391538,68.7988052368164,24563600,0.0,0.0
2025-04-30 00:00:00-04:00,67.4150893452663,69.09877857830543,67.08609718080005,68.71172332763672,23953000,0.0,0.0
2025-05-01 00:00:00-04:00,68.46981288444786,70.1244668388246,68.15049175751604,69.48582458496094,19672500,0.0,0.0
2025-05-02 00:00:00-04:00,70.6373046983629,71.7597640426319,70.51151489562817,71.41141510009766,18347400,0.0,0.0
2025-05-05 00:00:00-04:00,70.97597593058123,72.46613367001329,70.67601165362147,71.45979309082031,16070400,0.0,0.0
2025-05-06 00:00:00-04:00,70.77276900720157,71.78878793062297,70.21153936602664,71.10176849365234,18095100,0.0,0.0
2025-05-07 00:00:00-04:00,71.21788996445866,71.8952384701421,70.61796136459753,70.81148529052734,14310300,0.0,0.0
2025-05-08 00:00:00-04:00,71.30497689221966,71.59526276480318,70.27927947152494,70.93727111816406,19957500,0.0,0.0
2025-05-09 00:00:00-04:00,71.16105630638955,71.25834912983592,70.0810888933117,70.4897232055664,11136900,0.4,0.0
2025-05-12 00:00:00-04:00,72.96099007810751,73.21395732470299,72.06588434149666,72.85396575927734,20425500,0.0,0.0
2025-05-13 00:00:00-04:00,73.39882287232705,74.50797730720868,72.94153847105784,73.9339370727539,13635100,0.0,0.0
2025-05-14 00:00:00-04:00,74.17716110700013,74.42039682048855,73.77825839682085,74.21607971191406,14067100,0.0,0.0
2025-05-15 00:00:00-04:00,74.00203840250006,74.44959126874932,73.28206269792217,73.54475402832031,15303900,0.0,0.0
2025-05-16 00:00:00-04:00,73.51556240865607,74.28418818267504,73.33070830713314,74.11878967285156,13864600,0.0,0.0
2025-05-19 00:00:00-04:00,73.55448419028033,74.3425730129848,73.38908567331681,74.00203704833984,12720500,0.0,0.0
2025-05-20 00:00:00-04:00,73.43773523855289,73.8171823854318,73.03882507631508,73.47664642333984,10655600,0.0,0.0
2025-05-21 00:00:00-04:00,72.91234400000647,73.0971981051614,71.11239367938687,71.2096939086914,17711300,0.0,0.0
2025-05-22 00:00:00-04:00,71.16104588174423,71.89075308514437,70.51890740269418,71.40428161621094,9717000,0.0,0.0
2025-05-23 00:00:00-04:00,69.95460633685873,71.20970375417133,69.95460633685873,70.85944366455078,9260900,0.0,0.0
2025-05-27 00:00:00-04:00,71.61833669079402,72.0853451861071,71.07349097194003,71.98805236816406,11014100,0.0,0.0
2025-05-28 00:00:00-04:00,72.19236914740078,72.3480435936948,71.34591347031703,71.73509216308594,8711100,0.0,0.0
2025-05-29 00:00:00-04:00,72.39668759848259,73.04855758560085,71.34590744365684,72.49398040771484,14016600,0.0,0.0
2025-05-30 00:00:00-04:00,72.19236700360572,72.77613873690672,71.73509003286999,72.75667572021484,17042000,0.0,0.0
2025-06-02 00:00:00-04:00,72.25075790921991,72.72749795787087,71.28753887935542,72.69831085205078,11237500,0.0,0.0
2025-06-03 00:00:00-04:00,72.6982969332559,73.77826417963055,72.35776839227414,73.60313415527344,13193500,0.0,0.0
2025-06-04 00:00:00-04:00,75.59766624968734,76.66790946142885,73.34043884277344,73.34043884277344,29578000,0.0,0.0
2025-06-05 00:00:00-04:00,73.56421694757142,73.71015987447456,72.17290823396401,72.87342834472656,20138400,0.0,0.0
2025-06-06 00:00:00-04:00,74.08960995562977,74.68310577162505,73.77826849666224,74.26473999023438,10988000,0.0,0.0
2025-06-09 00:00:00-04:00,74.47878882177821,74.62472433184294,73.87556149596891,74.39122009277344,13453200,0.0,0.0
2025-06-10 00:00:00-04:00,74.09934251059391,74.2841966331456,73.09720498438864,73.4085464477539,14892900,0.0,0.0
2025-06-11 00:00:00-04:00,73.49611422488684,73.67124425969459,72.55235833858762,72.90261840820312,16442400,0.0,0.0
2025-06-12 00:00:00-04:00,72.31885642294323,72.50371054903636,71.19023895726832,72.00751495361328,14522500,0.0,0.0
2025-06-13 00:00:00-04:00,70.94699869611617,71.79346174160838,69.98378724639444,70.40215301513672,21168300,0.0,0.0
2025-06-16 00:00:00-04:00,71.41401975362916,71.72536122573084,70.95673534270597,71.17078399658203,16231500,0.0,0.0
2025-06-17 00:00:00-04:00,70.81079108022347,71.22915687144268,70.34378259228382,70.53836822509766,14156800,0.0,0.0
2025-06-18 00:00:00-04:00,70.68431085951059,73.10693686564368,70.60647363753083,72.71775817871094,23498300,0.0,0.0
2025-06-20 00:00:00-04:00,73.2042346031916,73.72962475242812,73.03883606258933,73.35990905761719,27677500,0.0,0.0
2025-06-23 00:00:00-04:00,73.09720071038451,74.94579378857591,72.79559077309378,74.92633819580078,17375700,0.0,0.0
2025-06-24 00:00:00-04:00,75.61712724527501,76.61925729588317,75.61712724527501,75.99657440185547,16342300,0.0,0.0
2025-06-25 00:00:00-04:00,76.16196961027994,77.16409961731543,75.87981527635336,76.93059539794922,13954500,0.0,0.0
2025-06-26 00:00:00-04:00,77.29058935688815,77.93272783591657,77.04735362242963,77.79651641845703,18214800,0.0,0.0
2025-06-27 00:00:00-04:00,77.83544000589623,77.98138294050048,76.82357839506365,77.34896850585938,21324200,0.0,0.0
2025-06-30 00:00:00-04:00,78.30244661675711,78.90566645449637,77.74786946946757,77.95218658447266,21685800,0.0,0.0
2025-07-01 00:00:00-04:00,77.88408531702876,79.30458111868826,77.74787389926453,79.28511810302734,20967100,0.0,0.0
2025-07-02 00:00:00-04:00,79.70348688231593,80.1705027773105,79.05161686933596,80.13158416748047,15195100,0.0,0.0
2025-07-03 00:00:00-04:00,80.40400362642265,81.6785564970628,80.26779220923815,81.33802795410156,11237300,0.0,0.0
2025-07-07 00:00:00-04:00,80.7250804114443,81.32830030964017,79.29485304010167,80.11212158203125,18156000,0.0,0.0
2025-07-08 00:00:00-04:00,80.0732118333856,80.18996024263517,78.8375700670771,79.38241577148438,18303400,0.0,0.0
2025-07-09 00:00:00-04:00,80.19969405214876,80.28725536159823,79.25593812781793,79.57701110839844,16135400,0.0,0.0
2025-07-10 00:00:00-04:00,79.40187693484044,80.50129982641705,79.40187693484044,80.13158416748047,14348100,0.0,0.0
2025-07-11 00:00:00-04:00,79.53808705901315,80.44292430963065,79.22674560842249,80.31644439697266,12583100,0.0,0.0
2025-07-14 00:00:00-04:00,79.9759222537853,81.26020688745449,79.89809244490155,81.17264556884766,20194200,0.0,0.0
2025-07-15 00:00:00-04:00,78.56514957231468,78.88622255331715,75.61713338284855,76.72628784179688,53938000,0.0,0.0
2025-07-16 00:00:00-04:00,76.75547300717949,77.91327755752178,76.09387146740762,77.74787902832031,30567500,0.0,0.0
2025-07-17 00:00:00-04:00,77.31005555298132,78.46786018315125,76.95979545348398,77.55329132080078,21837600,0.0,0.0
2025-07-18 00:00:00-04:00,77.68949639925269,78.5846021700657,76.74574050967043,78.45812225341797,21236000,0.0,0.0
2025-07-21 00:00:00-04:00,78.56515646056151,79.25594518078998,78.0008476728931,78.10787200927734,14506600,0.0,0.0
2025-07-22 00:00:00-04:00,78.10786037298402,80.35535625629369,78.10786037298402,80.15103912353516,22437000,0.0,0.0
2025-07-23 00:00:00-04:00,80.75426849599562,81.65910577726697,80.3748213222011,81.4353256225586,19379200,0.0,0.0
2025-07-24 00:00:00-04:00,81.57153637112907,82.53475527166178,80.87102365660422,81.6007308959961,19031200,0.0,0.0
2025-07-25 00:00:00-04:00,81.84396570481088,82.17476275318845,80.9780470511569,82.0385513305664,14072400,0.0,0.0
2025-07-28 00:00:00-04:00,82.03855889646505,82.21368894498248,80.47211996888309,80.82238006591797,10627100,0.0,0.0
2025-07-29 00:00:00-04:00,81.36721434804824,81.43532005604916,79.97590566491591,80.41373443603516,12478200,0.0,0.0
2025-07-30 00:00:00-04:00,80.74453612022639,80.84182893398078,79.1099916110684,79.56727600097656,15579100,0.0,0.0
2025-07-31 00:00:00-04:00,79.14890725552536,79.71321594630899,78.1565087156693,78.4483871459961,14813900,0.0,0.0
2025-08-01 00:00:00-04:00,77.04735980728982,77.20302682989713,75.30579091800915,75.67550659179688,16071300,0.0,0.0
2025-08-04 00:00:00-04:00,76.39548024651614,76.40521175483869,74.82904886301972,75.48091888427734,13892100,0.0,0.0
2025-08-05 00:00:00-04:00,76.22034736368468,76.23007887164363,74.09933885250648,75.85063171386719,15765100,0.0,0.0
2025-08-06 00:00:00-04:00,75.80199482515036,76.68736912011147,75.4614588271991,75.5101089477539,14157000,0.0,0.0
2025-08-07 00:00:00-04:00,76.1619713845295,76.18143439999318,74.70255698930332,74.96525573730469,13105600,0.0,0.0
2025-08-08 00:00:00-04:00,75.4643779784492,76.5115425585024,74.72059522629053,76.18858337402344,14123000,0.45,0.0
2025-08-11 00:00:00-04:00,76.34517015168679,76.4234571760382,75.58181753160179,75.93412780761719,14408100,0.0,0.0
2025-08-12 00:00:00-04:00,76.5506861420432,77.86208524064361,76.48218033042339,77.78379821777344,14365200,0.0,0.0
2025-08-13 00:00:00-04:00,77.97952205933403,78.01866930158819,75.45458093323839,76.22772216796875,14415100,0.0,0.0
2025-08-14 00:00:00-04:00,76.60940473292922,77.8816640775793,76.05156955153696,77.71529388427734,16051500,0.0,0.0
2025-08-15 00:00:00-04:00,77.84251963723571,77.95017269950426,75.36651413820694,75.45458984375,15380400,0.0,0.0
2025-08-18 00:00:00-04:00,75.34693732621506,75.94391977890247,75.26865029846876,75.78733825683594,11660900,0.0,0.0
2025-08-19 00:00:00-04:00,75.51330543402173,76.11028034456386,75.38607503021403,75.87540435791016,10118500,0.0,0.0
2025-08-20 00:00:00-04:00,75.81668936698232,76.805136727457,74.95546494733182,76.4919662475586,12101900,0.0,0.0
2025-08-21 00:00:00-04:00,76.21794243568095,76.40388999156772,75.43501989843323,76.16901397705078,9102700,0.0,0.0
2025-08-22 00:00:00-04:00,76.66812066232852,77.61742081688449,76.46260322679169,77.41190338134766,11282600,0.0,0.0
2025-08-25 00:00:00-04:00,77.19658981656063,78.78201948040581,77.18680860622217,78.4786376953125,12017000,0.0,0.0
2025-08-26 00:00:00-04:00,78.11653413671276,79.88790392641252,78.07738689422669,79.77046966552734,14936600,0.0,0.0
2025-08-27 00:00:00-04:00,79.52581456844611,81.43419620317661,79.506237211561,80.73934936523438,15567700,0.0,0.0
2025-08-28 00:00:00-04:00,81.1112327443623,81.35589742653028,80.17172126082608,80.2304458618164,13963200,0.0,0.0
2025-08-29 00:00:00-04:00,80.22066053290351,81.042730315352,80.05429033406139,80.42617797851562,12041200,0.0,0.0
2025-09-02 00:00:00-04:00,79.96620030639187,80.07385335913642,78.72330706094093,80.03470611572266,13326000,0.0,0.0
2025-09-03 00:00:00-04:00,79.98578930575191,80.25981258296748,78.31227613911874,78.79182434082031,11174000,0.0,0.0
2025-09-04 00:00:00-04:00,79.02668789278607,80.37723417438067,78.5079999904325,80.0836410522461,10822300,0.0,0.0
2025-09-05 00:00:00-04:00,79.89770048712838,80.26958812758039,77.02044134637578,77.27489471435547,20661400,0.0,0.0
2025-09-08 00:00:00-04:00,77.30424950469728,78.08717946026285,76.88342596023114,77.4510498046875,17107000,0.0,0.0
2025-09-09 00:00:00-04:00,77.61741658640602,79.72153421637144,77.31403478856441,79.0364761352539,17157300,0.0,0.0
2025-09-10 00:00:00-04:00,78.9386214721582,79.50623789494799,78.20462738071073,78.5863037109375,16460200,0.0,0.0
2025-09-11 00:00:00-04:00,78.48842707647154,79.65303335324504,78.07739220228333,79.51602172851562,17785800,0.0,0.0
2025-09-12 00:00:00-04:00,79.36923220021214,79.89770888158338,79.06585034235208,79.72154998779297,10498300,0.0,0.0
2025-09-15 00:00:00-04:00,79.86834382110061,80.07386126939544,79.39858432030246,79.67261505126953,9563200,0.0,0.0
2025-09-16 00:00:00-04:00,79.81940058127665,79.86833650253726,78.37098989747115,79.65303039550781,10705900,0.0,0.0
2025-09-17 00:00:00-04:00,79.48666780705187,80.95465598630084,78.82117953379606,80.71977996826172,14746100,0.0,0.0
2025-09-18 00:00:00-04:00,80.80784187557016,81.73756457703023,80.19128963354038,81.7179946899414,13021100,0.0,0.0
2025-09-19 00:00:00-04:00,82.0409604140498,83.11748348812485,81.16016609287084,82.83367156982422,36482400,0.0,0.0
2025-09-22 00:00:00-04:00,82.08988571646542,83.46000933384065,81.9528741013852,83.34257507324219,14545000,0.0,0.0
2025-09-23 00:00:00-04:00,83.33278769167978,84.81056438196244,81.88436956700322,82.5694351196289,14818500,0.0,0.0
2025-09-24 00:00:00-04:00,82.84346379797421,83.54809928511689,81.87459373643983,82.31498718261719,9478700,0.0,0.0
2025-09-25 00:00:00-04:00,81.9039478983072,82.85324801927906,81.77671749039969,82.52050018310547,8514900,0.0,0.0
2025-09-26 00:00:00-04:00,82.88260740880055,83.81233018399107,82.75537699962881,83.1957778930664,8502600,0.0,0.0
2025-09-29 00:00:00-04:00,82.89238853784806,83.37193667466624,82.2464776813144,82.84346008300781,9833700,0.0,0.0
2025-09-30 00:00:00-04:00,82.85325091441811,83.30343303014689,80.89593347216763,82.03117370605469,11429000,0.0,0.0
2025-10-01 00:00:00-04:00,81.32654715721067,81.81587657147377,79.04627029476684,79.1441421508789,16961900,0.0,0.0
2025-10-02 00:00:00-04:00,78.97775695868913,79.32029348933168,78.33184607595535,78.78202819824219,11420000,0.0,0.0
2025-10-03 00:00:00-04:00,79.29093148626727,79.9466385469033,78.72331506548575,78.94840240478516,10124900,0.0,0.0
2025-10-06 00:00:00-04:00,78.84074901101025,79.72154340725804,77.87187890842466,78.96797943115234,12837700,0.0,0.0
2025-10-07 00:00:00-04:00,79.14413639249554,79.62367709294205,78.82117721060199,79.40837097167969,10371300,0.0,0.0
2025-10-08 00:00:00-04:00,79.52580418513067,79.59430999213615,77.84251010834112,78.02845764160156,11277400,0.0,0.0
2025-10-09 00:00:00-04:00,78.20462069033948,79.0266904184774,77.72507254901899,78.18504333496094,8432200,0.0,0.0
2025-10-10 00:00:00-04:00,77.91102213016575,78.72331066843479,75.96349334716797,75.96349334716797,16004300,0.0,0.0
2025-10-13 00:00:00-04:00,77.05958180186279,77.53912992744398,76.60939970838558,77.2357406616211,14229300,0.0,0.0
2025-10-14 00:00:00-04:00,80.75891404440507,84.22336679869647,78.67437366508777,82.75537872314453,36260600,0.0,0.0
2025-10-15 00:00:00-04:00,83.3523594024118,85.60327739135528,83.34257819137801,84.61483001708984,22909400,0.0,0.0
2025-10-16 00:00:00-04:00,85.13351614742714,85.56412835423544,81.22867012023926,82.20732879638672,22715600,0.0,0.0
2025-10-17 00:00:00-04:00,82.64772203287481,82.72601651877255,80.55339306783549,81.50269317626953,18799000,0.0,0.0
2025-10-20 00:00:00-04:00,81.83544441813083,84.30166109409198,81.31674902737409,84.18421936035156,15777200,0.0,0.0
2025-10-21 00:00:00-04:00,84.28209497825475,85.44669382371383,82.85325408669344,82.95111846923828,20101100,0.0,0.0
2025-10-22 00:00:00-04:00,83.33279800849688,83.34258668710181,81.36569173705149,82.08989715576172,18955000,0.0,0.0
2025-10-23 00:00:00-04:00,82.51070855898632,83.65574485639638,81.96266210318183,82.65750885009766,14157800,0.0,0.0
2025-10-24 00:00:00-04:00,82.99026158962998,85.02586603171156,82.95111434524352,84.56590270996094,14011400,0.0,0.0
2025-10-27 00:00:00-04:00,85.04544600133015,85.47605076967028,84.46803346209818,85.1530990600586,11682000,0.0,0.0
2025-10-28 00:00:00-04:00,85.20202217980481,85.43690563862958,83.94934026569867,85.04544067382812,13201000,0.0,0.0
2025-10-29 00:00:00-04:00,84.96714981552958,85.37818468616379,83.84169079363481,84.1646499633789,16444400,0.0,0.0
2025-10-30 00:00:00-04:00,84.24294461783127,85.39776220894899,84.04720839340331,84.15486145019531,14830000,0.0,0.0
2025-10-31 00:00:00-04:00,83.65574569195246,85.48583261082413,83.19577492627678,85.11394500732422,14776700,0.0,0.0
2025-11-03 00:00:00-05:00,85.28032355142858,86.01431761972748,84.01785285796564,85.4369125366211,12769300,0.0,0.0
2025-11-04 00:00:00-05:00,85.14330775637039,86.6112958211354,84.04720731337942,85.2705307006836,16737700,0.0,0.0
2025-11-05 00:00:00-05:00,85.51519150579664,86.41556315267715,84.07656953939309,85.09436798095703,15609400,0.0,0.0
2025-11-06 00:00:00-05:00,85.04544347546754,85.47604823101865,83.69488967574006,84.20379638671875,16800200,0.0,0.0
2025-11-07 00:00:00-05:00,83.73156913267252,84.69569296561465,82.67889902602683,84.6465072631836,15612100,0.45,0.0
2025-11-10 00:00:00-05:00,84.89246107920262,85.59096112562015,84.06606168944089,84.70553588867188,13138200,0.0,0.0
2025-11-11 00:00:00-05:00,84.7153765076907,85.64998745393449,84.65635066017258,84.79408264160156,13851500,0.0,0.0
2025-11-12 00:00:00-05:00,84.91213125917974,87.20439666190244,84.54812853823711,84.86294555664062,16775200,0.0,0.0
2025-11-13 00:00:00-05:00,84.76456959472152,85.48274242458233,83.10193817096234,83.32820892333984,15708000,0.0,0.0
2025-11-14 00:00:00-05:00,83.08225788904316,83.9676831297265,81.6163917996969,83.67254638671875,15397300,0.0,0.0
2025-11-17 00:00:00-05:00,83.31836691919867,83.67253697563666,81.20318672264652,82.06893157958984,14457100,0.0,0.0
2025-11-18 00:00:00-05:00,82.068939572354,83.38724102322576,81.58687764529854,82.50181579589844,14233900,0.0,0.0
2025-11-19 00:00:00-05:00,82.6198738802633,83.44626574406733,82.25586365120876,82.79695892333984,10959600,0.0,0.0
2025-11-20 00:00:00-05:00,83.68237523593511,84.64650656677486,80.98675407484025,81.06546020507812,12135800,0.0,0.0
2025-11-21 00:00:00-05:00,81.42946448497656,82.27553663669686,79.73732768736582,81.76396179199219,16169500,0.0,0.0
2025-11-24 00:00:00-05:00,81.74428439250387,83.71189272070949,81.07530476651087,83.28886413574219,27574500,0.0,0.0
2025-11-25 00:00:00-05:00,83.16096501842061,84.15460932851805,82.25586698636657,83.72173309326172,12966400,0.0,0.0
2025-11-26 00:00:00-05:00,84.03654628269183,84.99083748176986,83.75124218667048,84.17427825927734,9304300,0.0,0.0
2025-11-28 00:00:00-05:00,84.25298150995839,85.11872640544469,83.92832435946495,84.45957946777344,6545000,0.0,0.0
2025-12-01 00:00:00-05:00,84.43991997480443,85.15809286890129,83.79060557165094,84.01688385009766,9794000,0.0,0.0
2025-12-02 00:00:00-05:00,84.30217269415905,85.38435566401107,83.89880942489066,84.92196655273438,9484000,0.0,0.0
2025-12-03 00:00:00-05:00,84.86294206132753,87.94224613031454,84.86294206132753,87.90289306640625,14439300,0.0,0.0
2025-12-04 00:00:00-05:00,87.95209108502524,89.16216596663912,87.87338495290227,88.74897003173828,13433000,0.0,0.0
2025-12-05 00:00:00-05:00,88.53253446264142,89.63439782650252,88.09966573519928,88.37512969970703,11210900,0.0,0.0
2025-12-08 00:00:00-05:00,88.3751239140722,89.54584568658676,87.70613682727976,88.60139465332031,13267300,0.0,0.0
2025-12-09 00:00:00-05:00,88.77848971065124,88.78832985437289,87.34213646633832,87.45035552978516,17101700,0.0,0.0
2025-12-10 00:00:00-05:00,87.4995418065221,89.39828407944461,86.76168870832677,89.22119903564453,22729100,0.0,0.0
2025-12-11 00:00:00-05:00,89.07362955920826,91.9069828382946,88.75881252819867,91.09042358398438,15505100,0.0,0.0
2025-12-12 00:00:00-05:00,91.61184526581219,91.90698200768696,90.62804111456956,91.25767517089844,12532800,0.0,0.0
2025-12-15 00:00:00-05:00,92.06438807903398,92.73337515709139,90.9920377233138,91.39540100097656,13885200,0.0,0.0
2025-12-16 00:00:00-05:00,91.57248443395471,91.66102319726028,89.94920622088813,90.6968994140625,12981100,0.0,0.0
2025-12-17 00:00:00-05:00,91.25767599563798,91.818444066681,90.97237188849958,91.09042358398438,14819000,0.0,0.0
2025-12-18 00:00:00-05:00,91.52329736033259,92.36936951581015,89.81148026926796,89.99840545654297,11844100,0.0,0.0
2025-12-19 00:00:00-05:00,90.12630419786409,91.62168329315968,90.11646405414037,91.50363159179688,37783900,0.0,0.0
2025-12-22 00:00:00-05:00,91.69054904279552,92.86127845038767,91.54298441648595,92.75305938720703,9512300,0.0,0.0
2025-12-23 00:00:00-05:00,92.7137012954227,93.14657752469391,92.50710332395144,92.93997955322266,8642100,0.0,0.0
2025-12-24 00:00:00-05:00,93.11705661581414,94.29761849607698,92.93997158319178,93.75653076171875,5506800,0.0,0.0
2025-12-26 00:00:00-05:00,93.81556488852561,93.9237839461196,93.1859308293406,93.7171859741211,5169400,0.0,0.0
2025-12-29 00:00:00-05:00,93.81556566038887,94.06151670133876,92.84160163985977,92.98916625976562,8624200,0.0,0.0
2025-12-30 00:00:00-05:00,93.1957733456025,93.34333796805174,92.46775284764512,92.7825698852539,6417800,0.0,0.0
2025-12-31 00:00:00-05:00,92.96949253064241,93.14657757855304,91.61184550054772,91.69054412841797,7919300,0.0,0.0
2026-01-02 00:00:00-05:00,91.78892788597163,93.80572183918822,91.30685846041314,93.65814971923828,9242600,0.0,0.0
2026-01-05 00:00:00-05:00,93.54993017551182,96.17669288055332,93.44171862766653,94.81903839111328,14384000,0.0,0.0
2026-01-06 00:00:00-05:00,93.85491631457073,94.9862925750178,93.5302591474648,94.8288803100586,12329200,0.0,0.0
2026-01-07 00:00:00-05:00,94.15988601612293,94.33697104778466,92.13325204719473,92.76288604736328,14589500,0.0,0.0
2026-01-08 00:00:00-05:00,92.73337994987652,94.60260930921844,92.66451396059797,94.05167388916016,12406000,0.0,0.0
2026-01-09 00:00:00-05:00,94.25827174475145,95.00596498876384,93.71718397415859,94.39600372314453,10261300,0.0,0.0
2026-01-12 00:00:00-05:00,93.29415100700137,93.99265106523856,92.3693726876701,93.42204284667969,15958100,0.0,0.0
2026-01-13 00:00:00-05:00,93.74669263009643,94.19924161076453,91.5528062069883,92.04470825195312,21998600,0.0,0.0
2026-01-14 00:00:00-05:00,89.28022586598117,89.32941907540183,86.63379032274379,87.80451965332031,33803900,0.0,0.0
2026-01-15 00:00:00-05:00,87.8930536669746,88.45382920303625,86.92892986347422,87.51921081542969,21738600,0.0,0.0
2026-01-16 00:00:00-05:00,87.51921660895994,88.23739694369749,86.6534716558373,86.9486083984375,26981600,0.0,0.0
2026-01-20 00:00:00-05:00,85.84675070490563,87.2043977056778,84.88261935247563,85.2564697265625,19353500,0.0,0.0
2026-01-21 00:00:00-05:00,85.09905495440657,86.14188490227139,84.63666582481983,84.72521209716797,17606700,0.0,0.0
2026-01-22 00:00:00-05:00,85.03019516089493,87.55857159086999,85.03019516089493,86.61412048339844,19668900,0.0,0.0
2026-01-23 00:00:00-05:00,86.08286802594942,86.28946600851205,84.6366746421806,85.5516128540039,15227500,0.0,0.0
2026-01-26 00:00:00-05:00,85.68933636619091,86.86006565740377,85.68933636619091,86.62395477294922,13047400,0.0,0.0
2026-01-27 00:00:00-05:00,86.72233412213004,87.62743210531725,86.06318716736301,87.27326202392578,15105000,0.0,0.0
2026-01-28 00:00:00-05:00,87.18472691893969,87.61759564317893,85.43354921812757,86.60427856445312,16395700,0.0,0.0
2026-01-29 00:00:00-05:00,87.2535971362367,89.17201232910156,87.10602500467085,89.17201232910156,21497000,0.0,0.0
2026-01-30 00:00:00-05:00,88.7489729849168,89.57537238804733,88.29642396889561,89.0244369506836,18306900,0.0,0.0
2026-02-02 00:00:00-05:00,88.69979188316513,91.29703441779372,88.44400068489445,90.7756118774414,13835200,0.0,0.0
2026-02-03 00:00:00-05:00,91.20847981745366,93.25479420534575,90.41160087554073,90.81495666503906,18099000,0.0,0.0
2026-02-04 00:00:00-05:00,91.1494535838334,92.38904888162507,91.03139438686236,91.63151550292969,12382800,0.0,0.0
2026-02-05 00:00:00-05:00,91.34621304310808,91.55281101213706,89.4376381124371,90.51982116699219,12641300,0.0,0.0
2026-02-06 00:00:00-05:00,91.69630169225279,93.57471800635233,91.5084577980269,92.9024429321289,13205700,0.45,0.0
2026-02-09 00:00:00-05:00,92.68494104617457,94.00971418302238,87.9889040331684,93.53517150878906,20544800,0.0,0.0
2026-02-10 00:00:00-05:00,93.23858092046531,93.93063303738035,88.7303875966354,90.86585235595703,20148400,0.0,0.0
2026-02-11 00:00:00-05:00,91.59744650185131,92.02256176683181,87.49459127801069,87.9394760131836,15461700,0.0,0.0
2026-02-12 00:00:00-05:00,88.29537996982887,88.94788557637301,84.85491917645741,85.3096923828125,16858200,0.0,0.0
2026-02-13 00:00:00-05:00,84.70662518242825,86.45651362412245,84.12332400671677,85.99185943603516,12425000,0.0,0.0
2026-02-17 00:00:00-05:00,86.83219683066748,87.83071715387283,86.31810013935726,86.4070816040039,12361900,0.0,0.0
2026-02-18 00:00:00-05:00,86.82230307252372,88.38435497764411,86.65423620168298,87.55389404296875,8250900,0.0,0.0
2026-02-19 00:00:00-05:00,86.84207884787413,87.15845068804138,85.61616813810538,86.57514953613281,10427300,0.0,0.0
2026-02-20 00:00:00-05:00,86.36754093642392,87.70220265417977,85.16139962878434,87.69231414794922,14255000,0.0,0.0
2026-02-23 00:00:00-05:00,87.16833541991053,87.59345067011623,82.8282089909995,84.18264770507812,20607000,0.0,0.0
2026-02-24 00:00:00-05:00,83.44116316122398,84.22218915764913,81.5330889022916,83.6092300415039,18817700,0.0,0.0
2026-02-25 00:00:00-05:00,84.22218953309645,85.93253140280655,84.00468766695535,85.77435302734375,16620700,0.0,0.0
2026-02-26 00:00:00-05:00,85.9028736820229,87.31662827338735,84.60775852964504,85.319580078125,18768400,0.0,0.0
2026-02-27 00:00:00-05:00,83.70809343194611,83.85639084560793,79.53603409446161,80.52467346191406,29145000,0.0,0.0
2026-03-02 00:00:00-05:00,78.2508121663405,82.12627691045986,78.0431987917684,81.641845703125,21834300,0.0,0.0
2026-03-03 00:00:00-05:00,80.07979017454517,82.5415001309122,78.94285337339961,81.5924072265625,19018600,0.0,0.0
2026-03-04 00:00:00-05:00,81.75059829183401,83.08526003683355,81.09809263626246,82.97650909423828,18061200,0.0,0.0
2026-03-05 00:00:00-05:00,82.69968292952353,82.84798034019713,80.26763103972328,81.17717742919922,20939200,0.0,0.0
2026-03-06 00:00:00-05:00,79.34819979316447,79.6546755913203,77.05455670314151,79.50637817382812,16798900,0.0,0.0
2026-03-09 00:00:00-04:00,78.52763039289958,78.88354119187088,75.98682735412795,77.9344482421875,24959500,0.0,0.0
2026-03-10 00:00:00-04:00,78.05307863945123,78.89342817467937,76.57011951994764,77.41046905517578,18481700,0.0,0.0
2026-03-11 00:00:00-04:00,77.1633133338897,77.34126873946815,75.63091914459082,76.00659942626953,17497300,0.0,0.0
2026-03-12 00:00:00-04:00,74.62250145327027,74.68181740059718,73.80192898255633,74.39511108398438,24794100,0.0,0.0
2026-03-13 00:00:00-04:00,74.79057281223872,75.34420846770337,73.18897425400442,73.2581787109375,15496900,0.0,0.0
2026-03-16 00:00:00-04:00,73.97988837349409,75.02784372752427,73.52511515301458,74.88943481445312,17836300,0.0,0.0
2026-03-17 00:00:00-04:00,75.63091246773921,76.29329904119082,74.9586373885394,75.36398315429688,18173400,0.0,0.0
2026-03-18 00:00:00-04:00,74.94875219460785,76.01648458099763,74.94875219460785,75.3244400024414,12951200,0.0,0.0
2026-03-19 00:00:00-04:00,74.82023032011563,75.92750916684548,73.83159091712399,75.52216339111328,18744400,0.0,0.0
2026-03-20 00:00:00-04:00,75.53205006885459,77.03477860623155,75.34420617316252,76.71841430664062,40461100,0.0,0.0
2026-03-23 00:00:00-04:00,78.58693872689769,78.89342205018582,77.23250766356972,77.39068603515625,15320800,0.0,0.0
2026-03-24 00:00:00-04:00,76.74807237334933,79.55581213547079,76.69864492996881,78.70558166503906,19134300,0.0,0.0
2026-03-25 00:00:00-04:00,78.60672596771657,79.87218327597833,78.42877056232223,79.34820556640625,17213400,0.0,0.0
2026-03-26 00:00:00-04:00,78.9823952360809,79.38774098068431,77.8256890336635,78.12227630615234,15430500,0.0,0.0
2026-03-27 00:00:00-04:00,77.72683451723287,77.7367154807508,75.98682701260697,76.31307983398438,13674900,0.0,0.0
2026-03-30 00:00:00-04:00,76.99523026426692,77.33137156723463,75.62102216401593,75.92750549316406,14311500,0.0,0.0
2026-03-31 00:00:00-04:00,76.94580477503106,78.83410206909228,76.57011698319572,78.70558166503906,19097600,0.0,0.0
2026-04-01 00:00:00-04:00,80.26763750494624,80.77183818204024,79.26910957155104,79.65467834472656,14979400,0.0,0.0
2026-04-02 00:00:00-04:00,78.5078580491941,79.92160514432474,77.79603647730845,79.68433380126953,10001800,0.0,0.0
2026-04-06 00:00:00-04:00,80.04024701244964,80.93991251048739,79.84252214436584,80.92013549804688,7069200,0.0,0.0
2026-04-07 00:00:00-04:00,80.48514001634804,81.15740759107383,79.98093179258339,80.82127380371094,8820900,0.0,0.0
2026-04-08 00:00:00-04:00,83.54002575213427,84.75605548128745,83.29286591263092,83.69821166992188,15130300,0.0,0.0
2026-04-09 00:00:00-04:00,83.49059162071228,85.17128307214949,83.48071065778933,85.04275512695312,10496100,0.0,0.0
2026-04-10 00:00:00-04:00,84.85492483064614,84.9241292896437,84.02446377995517,84.4298095703125,7946200,0.0,0.0
2026-04-13 00:00:00-04:00,83.62900218061696,85.71503189197131,83.11491301783691,85.65571594238281,14506600,0.0,0.0
2026-04-14 00:00:00-04:00,82.07683902316782,82.21525547738075,79.40751568126635,80.77183532714844,32845600,0.0,0.0
2026-04-15 00:00:00-04:00,80.00069346143272,80.7619499760032,79.2394444895818,79.37785339355469,31494000,0.0,0.0
2026-04-16 00:00:00-04:00,79.1801247655371,80.93990920764179,79.09115084134615,80.32695007324219,20713300,0.0,0.0
2026-04-17 00:00:00-04:00,81.19695197833353,81.66161370758498,80.1094501365417,80.48513793945312,24033900,0.0,0.0
2026-04-20 00:00:00-04:00,80.6235458464997,81.47377633138014,80.31706250436466,81.03877258300781,14240500,0.0,0.0
2026-04-21 00:00:00-04:00,81.21672489281039,82.155929267263,80.27751297563805,80.62354278564453,17387300,0.0,0.0
2026-04-22 00:00:00-04:00,80.62353976022449,80.94978500415546,79.25921266794808,79.66455841064453,13724200,0.0,0.0
2026-04-23 00:00:00-04:00,79.64478724636336,80.44559028535124,78.83410324418404,79.5953598022461,13906500,0.0,0.0
2026-04-24 00:00:00-04:00,79.19990193330698,79.45695028600967,78.34967145666874,78.51773834228516,15419600,0.0,0.0
2026-04-27 00:00:00-04:00,78.48807679951979,79.97103581330498,78.43864181530577,79.64478302001953,20114400,0.0,0.0
2026-04-28 00:00:00-04:00,80.39615654291592,81.01899665601815,80.02047628238569,80.57411193847656,14826700,0.0,0.0
2026-04-29 00:00:00-04:00,80.31705516765172,81.06842315273605,79.78318903688543,80.58399200439453,19930700,0.0,0.0
2026-04-30 00:00:00-04:00,79.9018369525406,81.69127187406184,79.10104144272746,81.29582214355469,13535900,0.0,0.0
2026-05-01 00:00:00-04:00,81.3155879883247,81.72093374956226,79.8919448852539,79.8919448852539,14632700,0.0,0.0
2026-05-04 00:00:00-04:00,79.66456853763289,79.95127488270647,78.28047180175781,78.28047180175781,12968800,0.0,0.0
2026-05-05 00:00:00-04:00,78.49796780550953,79.19990085593537,78.11239905306041,78.9823989868164,11379900,0.0,0.0
2026-05-06 00:00:00-04:00,79.87217746461282,80.55434105944481,79.43717371802778,79.50637817382812,14347500,0.0,0.0
2026-05-07 00:00:00-04:00,79.7733134454505,80.08967774319851,77.79603469884546,78.26069641113281,19094800,0.0,0.0
2026-05-08 00:00:00-04:00,78.54903409080593,78.57886162419419,75.11873120598754,75.20821380615234,31062100,0.45,0.0
2026-05-11 00:00:00-04:00,75.2380466626537,75.2877642790468,72.77220764075796,73.15998077392578,25403900,0.0,0.0
2026-05-12 00:00:00-04:00,73.47815475920973,74.82044697515008,72.4540355691652,74.75084686279297,21003400,0.0,0.0
2026-05-13 00:00:00-04:00,73.72672353161929,74.33324201345388,72.86168711018892,73.11026000976562,16343900,0.0,0.0
2026-05-14 00:00:00-04:00,73.55769988514697,74.06478316677263,72.80203610423054,73.36878204345703,19388500,0.0,0.0
2026-05-15 00:00:00-04:00,73.51792087254455,73.63723100561458,72.36453901391667,73.00088500976562,16479000,0.0,0.0
2026-05-18 00:00:00-04:00,72.91140849132124,74.34318330848082,72.91140849132124,73.94547271728516,16934200,0.0,0.0
2026-05-19 00:00:00-04:00,74.05484294446875,74.91987179599843,73.42843437105151,74.12444305419922,18649800,0.0,0.0
2026-05-20 00:00:00-04:00,74.46249659941144,75.86445138310302,73.55769519677085,75.37724304199219,14695300,0.0,0.0
2026-05-21 00:00:00-04:00,75.15849998647604,75.62581826205788,74.48238896663875,75.48661804199219,9433400,0.0,0.0
2026-05-22 00:00:00-04:00,75.92410987057997,76.41131064779086,75.68548200216856,75.96388244628906,8728900,0.0,0.0
2026-05-26 00:00:00-04:00,76.4709732130876,77.22662939312984,76.33176540535018,77.07748413085938,21956700,0.0,0.0
2026-05-27 00:00:00-04:00,76.68971124148388,77.26640221162579,74.75084558340373,75.675537109375,15575700,0.0,0.0
2026-05-28 00:00:00-04:00,75.40707436245997,77.17691985438,74.91987358272766,76.21245574951172,14146700,0.0,0.0
2026-05-29 00:00:00-04:00,76.18262748267024,77.30617429456882,75.9042194539385,77.09737396240234,22322900,0.0,0.0
2026-06-01 00:00:00-04:00,76.31188388707824,77.57463094066343,76.06331097539395,76.72948455810547,15566900,0.0,0.0
2026-06-02 00:00:00-04:00,76.37153474757994,79.08595413128083,76.28205214551208,78.98652648925781,19447400,0.0,0.0
2026-06-03 00:00:00-04:00,78.42972076948362,78.67829367611517,76.95817341029698,78.23086547851562,15236600,0.0,0.0
2026-06-04 00:00:00-04:00,79.51350059217572,81.42253864660914,79.26492769178044,81.15408325195312,19452100,0.0,0.0
2026-06-05 00:00:00-04:00,81.6810598558713,81.97934279677693,80.98505115540503,81.47225952148438,15110600,0.0,0.0
2026-06-08 00:00:00-04:00,81.34299486916507,82.06883108832633,80.3685933312611,80.49784851074219,11481200,0.0,0.0
2026-06-09 00:00:00-04:00,80.78619503393405,82.08871464331907,80.46802201538797,81.53191375732422,15565500,0.0,0.0
2026-06-10 00:00:00-04:00,81.38276510303484,82.70517473799106,80.98504694997035,81.50208282470703,12580800,0.0,0.0
2026-06-11 00:00:00-04:00,82.07877171674713,82.43671728697817,80.36858901138608,81.92962646484375,10929900,0.0,0.0
2026-06-12 00:00:00-04:00,82.45660075270507,83.61992007675069,82.14837279142189,83.25203704833984,10526000,0.0,0.0
2026-06-15 00:00:00-04:00,83.93809734244003,84.4451881963168,82.5560325875848,82.6654052734375,14526900,0.0,0.0
2026-06-16 00:00:00-04:00,83.52049728041922,84.57444398529756,83.46084220983158,84.56450653076172,12400500,0.0,0.0
2026-06-17 00:00:00-04:00,84.64403804635,86.58291114614224,83.11282812868404,83.33157348632812,19403500,0.0,0.0
2026-06-18 00:00:00-04:00,84.4451856958714,85.08153171153029,81.48219339696237,81.73076629638672,36738600,0.0,0.0
2026-06-22 00:00:00-04:00,82.24780267766141,83.64974989434002,82.21797514328316,83.36140441894531,18657600,0.0,0.0
2026-06-23 00:00:00-04:00,83.53043961854385,83.84861262779009,82.57592059080515,83.64974975585938,11612300,0.0,0.0
2026-06-24 00:00:00-04:00,83.70941393599922,84.00769687056726,83.03329533079807,83.81878662109375,11424900,0.0,0.0
2026-06-25 00:00:00-04:00,83.79889811867955,85.80737147747168,83.79889811867955,84.25627136230469,11403800,0.0,0.0
2026-06-26 00:00:00-04:00,84.3457583170053,84.6738763658737,82.62563050983944,83.38129425048828,20829300,0.0,0.0
2026-06-29 00:00:00-04:00,83.28186758084088,84.09718639959651,82.99352210293617,83.03329467773438,16658300,0.0,0.0
2026-06-30 00:00:00-04:00,83.22220535411935,83.3216405845482,82.04894094198337,82.16825866699219,17283400,0.0,0.0
2026-07-01 00:00:00-04:00,82.35717718073035,85.5587974293513,82.27763203006873,85.44942474365234,14670600,0.0,0.0
2026-07-02 00:00:00-04:00,86.11559267365348,86.30451049764417,84.6042652534131,85.0218734741211,10782000,0.0,0.0
2026-07-06 00:00:00-04:00,85.50907823824406,87.12977082743754,85.42953308904804,86.95079803466797,9914200,0.0,0.0
2026-07-07 00:00:00-04:00,87.52748887737242,88.06440725500514,86.39399705320655,86.68234252929688,10029500,0.0,0.0
2026-07-08 00:00:00-04:00,86.02610563167232,86.27467853091366,84.61421338458379,85.07158660888672,9978600,0.0,0.0
2026-07-09 00:00:00-04:00,85.35993276434807,86.95079781503536,85.16107747770326,86.41388702392578,13324900,0.0,0.0
2026-07-10 00:00:00-04:00,87.00051583318131,87.3385713392142,86.15536948225615,86.66246032714844,14054800,0.0,0.0
2026-07-13 00:00:00-04:00,87.38828576512088,87.50760348481295,85.61844797849004,87.16954040527344,15026800,0.0,0.0
2026-07-14 00:00:00-04:00,84.36564037395874,88.17377900591067,83.3514662841639,84.80313110351562,38943000,0.0,0.0
2026-07-15 00:00:00-04:00,85.44942239385017,87.12977003677074,85.21078694842763,87.01045989990234,28730300,0.0,0.0
2026-07-16 00:00:00-04:00,87.44794301951077,88.3925245892218,86.71216936094476,87.5672607421875,20161000,0.0,0.0
2026-07-17 00:00:00-04:00,87.23914271946202,89.27744353051642,86.0062232614837,87.01045989990234,22762700,0.0,0.0
2026-07-20 00:00:00-04:00,87.37834379118678,88.0644074282633,85.56873336783165,85.83719635009766,17536100,0.0,0.0
2026-07-21 00:00:00-04:00,86.18519669687083,87.75617925468623,85.39970541796313,87.23914337158203,17605300,0.0,0.0
2026-07-22 00:00:00-04:00,87.68658196554271,87.68658196554271,85.75765376073011,85.92668151855469,15478700,0.0,0.0
2026-07-23 00:00:00-04:00,85.290334837229,85.99628098447252,84.6142162251609,85.697998046875,11220700,0.0,0.0
2026-07-24 00:00:00-04:00,85.45936093172469,86.4536525427318,85.21078802897291,85.81730651855469,11871400,0.0,0.0
2026-07-27 00:00:00-04:00,86.80166281892903,87.3982362830978,86.40394464753547,86.7718276977539,10379300,0.0,0.0
2026-07-28 00:00:00-04:00,87.24908887713005,87.71640714809855,85.91674175941326,86.37411499023438,16570500,0.0,0.0
2026-07-29 00:00:00-04:00,86.35422783441288,86.52325559342788,83.23215267658298,83.39124298095703,18076900,0.0,0.0
2026-07-30 00:00:00-04:00,84.09718308663878,85.0914746598953,83.5403746472421,84.94232940673828,15139000,0.0,0.0
2026-07-31 00:00:00-04:00,85.5090766411318,86.24485029284509,84.9522757788453,85.95650482177734,14776700,0.0,0.0
2026-08-03 00:00:00-04:00,87.06017234807983,87.46783555595852,85.91674304681504,87.38829040527344,11180000,0.0,0.0
2026-08-04 00:00:00-04:00,87.06017313405759,88.91950122243094,86.87126288177893,87.88543701171875,16454100,0.0,0.0
2026-08-05 00:00:00-04:00,88.7206428790318,89.10841599648458,88.33286217573614,88.66098022460938,9613300,0.0,0.0
2026-08-06 00:00:00-04:00,89.32715240539792,89.65527044923459,86.70222322639012,87.08999633789062,13095000,0.0,0.0
2026-08-07 00:00:00-04:00,86.45999908447266,87.36000061035156,86.04000091552734,87.25,7391000,0.5,0.0
2026-08-10 00:00:00-04:00,86.91000366210938,87.80999755859375,86.56999969482422,87.5199966430664,12927700,0.0,0.0
2026-08-11 00:00:00-04:00,87.62000274658203,88.5,87.25,87.44999694824219,11059400,0.0,0.0
2026-08-12 00:00:00-04:00,88.0,89.22000122070312,87.4000015258789,88.93000030517578,14441100,0.0,0.0
2026-08-13 00:00:00-04:00,89.36000061035156,89.5,87.77999877929688,88.11000061035156,10459200,0.0,0.0
2026-08-14 00:00:00-04:00,88.06999969482422,88.83999633789062,87.76000213623047,88.81999969482422,8788100,0.0,0.0
2026-08-17 00:00:00-04:00,88.72000122070312,89.52999877929688,87.4800033569336,87.54000091552734,14586000,0.0,0.0
2026-08-18 00:00:00-04:00,88.30000305175781,88.30000305175781,86.8499984741211,87.4000015258789,8219400,0.0,0.0
2026-08-19 00:00:00-04:00,87.41000366210938,87.41000366210938,85.58000183105469,85.94000244140625,10692400,0.0,0.0
2026-08-20 00:00:00-04:00,85.62000274658203,85.66999816894531,83.62000274658203,83.69999694824219,13730000,0.0,0.0
2026-08-21 00:00:00-04:00,84.5,85.0,83.4800033569336,83.83999633789062,13304500,0.0,0.0
2026-08-24 00:00:00-04:00,84.22000122070312,85.68000030517578,84.0199966430664,84.72000122070312,7948400,0.0,0.0
2026-08-25 00:00:00-04:00,84.9800033569336,85.1500015258789,83.87999725341797,84.79000091552734,8984500,0.0,0.0
2026-08-26 00:00:00-04:00,84.98999786376953,85.58999633789062,84.0999984741211,85.2300033569336,9896500,0.0,0.0
2026-08-27 00:00:00-04:00,84.76000213623047,85.29000091552734,83.72000122070312,84.97000122070312,10844000,0.0,0.0
2026-08-28 00:00:00-04:00,85.41000366210938,86.72000122070312,85.19999694824219,86.69000244140625,12024000,0.0,0.0
2026-08-31 00:00:00-04:00,86.29000091552734,87.08999633789062,85.87999725341797,86.38999938964844,19125600,0.0,0.0
2026-09-01 00:00:00-04:00,86.44000244140625,87.94000244140625,86.01000213623047,87.04000091552734,19322900,0.0,0.0
2026-09-02 00:00:00-04:00,87.75,90.08999633789062,87.58000183105469,89.2699966430664,20602400,0.0,0.0
2026-09-03 00:00:00-04:00,89.80000305175781,90.33999633789062,88.68000030517578,89.19000244140625,13206000,0.0,0.0
2026-09-04 00:00:00-04:00,88.75,90.12999725341797,88.7300033569336,89.97000122070312,8003900,0.0,0.0
2026-09-08 00:00:00-04:00,89.63999938964844,89.7300033569336,87.95999908447266,87.95999908447266,9752600,0.0,0.0
2026-09-09 00:00:00-04:00,87.55999755859375,89.94000244140625,87.19999694824219,89.66999816894531,14583100,0.0,0.0
2026-09-10 00:00:00-04:00,89.6500015258789,89.98999786376953,88.6500015258789,89.44999694824219,13089100,0.0,0.0
2026-09-11 00:00:00-04:00,90.73999786376953,91.16000366210938,89.76000213623047,90.29000091552734,12927800,0.0,0.0
2026-09-14 00:00:00-04:00,90.16999816894531,90.4800033569336,87.37999725341797,88.70999908447266,15725100,0.0,0.0
2026-09-15 00:00:00-04:00,90.5199966430664,91.98999786376953,87.91000366210938,89.72000122070312,15940800,0.0,0.0
2026-09-16 00:00:00-04:00,89.72000122070312,89.72000122070312,86.0999984741211,87.05000305175781,13555700,0.0,0.0
2026-09-17 00:00:00-04:00,87.7699966430664,87.88999938964844,85.79000091552734,86.88999938964844,12615700,0.0,0.0
2026-09-18 00:00:00-04:00,86.26000213623047,86.73999786376953,85.94999694824219,86.12000274658203,25000700,0.0,0.0
